TaxonName,X1_1_ActivityCycle,X5_1_AdultBodyMass_g,X8_1_AdultForearmLen_mm,X13_1_AdultHeadBodyLen_mm,X2_1_AgeatEyeOpening_d,X3_1_AgeatFirstBirth_d,X18_1_BasalMetRate_mLO2hr,X5_2_BasalMetRateMass_g,X6_1_DietBreadth,X7_1_DispersalAge_d,X9_1_GestationLen_d,X12_1_HabitatBreadth,X22_1_HomeRange_km2,X22_2_HomeRange_Indiv_km2,X14_1_InterbirthInterval_d,X15_1_LitterSize,X16_1_LittersPerYear,X17_1_MaxLongevity_m,X5_3_NeonateBodyMass_g,X13_2_NeonateHeadBodyLen_mm,X10_1_PopulationGrpSize,X23_1_SexualMaturityAge_d,X10_2_SocialGrpSize,X24_1_TeatNumber,X12_2_Terrestriality,X6_2_TrophicLevel,X25_1_WeaningAge_d,X5_4_WeaningBodyMass_g,X13_3_WeaningHeadBodyLen_mm,XHYP_JTE
Caluromys derbianus,1,5.789103535,NA,5.442417711,NA,NA,5.371149525,5.840641657,3,NA,NA,1,NA,NA,NA,1.1442228,NA,4.094344562,NA,NA,NA,2.351228962,0,NA,2,2,NA,NA,NA,NA
Caluromys philander,1,5.507240282,NA,5.412850683,4.317488114,5.812876014,NA,NA,4,NA,3.177637077,2,NA,NA,12.9034879,1.430311247,0.693147181,4.33073334,-1.609437912,2.302585093,NA,2.398134205,0,1.945910149,2,2,4.927624067,3.135494216,NA,NA
Chironectes minimus,1,6.881750055,NA,5.695414225,3.725693427,NA,6.307515394,6.852242569,4,NA,NA,3,NA,NA,19.10497317,1.17557333,NA,3.583518938,NA,NA,NA,2.417264473,0,1.386294361,1,2,4.767488624,4.248495242,NA,NA
Didelphis marsupialis,1,7.034167641,NA,5.998191868,NA,5.206750173,6.415653269,7.192182059,3,NA,2.63905733,2,NA,NA,10.48808848,1.958685341,0.693147181,3.478158423,-1.832581464,NA,NA,2.30276089,0,2.564949357,2,2,4.522031874,4.563410252,NA,NA
Didelphis virginiana,1,7.800605414,NA,NA,NA,5.225746674,6.57795871,7.990068795,4,4.677490848,2.540814282,2,NA,NA,11.69914527,2.154085085,0.693147181,4.094344562,-1.897119985,2.624668592,NA,2.327776163,0,2.564949357,2,2,4.785896099,4.828313737,5.274024674,NA
Marmosa mexicana,1,3.893044039,NA,4.896047149,NA,NA,NA,NA,3,NA,NA,2,NA,NA,NA,2.451005098,NA,4.430816799,NA,NA,NA,NA,0,2.564949357,2,2,NA,NA,NA,NA
Marmosa murina,1,3.591266625,NA,4.792230497,NA,NA,NA,NA,3,NA,2.585505848,2,NA,NA,NA,2.128231706,NA,NA,-2.407945609,NA,NA,NA,0,2.397895273,2,2,3.95789161,NA,NA,NA
Marmosa robinsoni,1,4.103799721,NA,5.011434974,3.617651945,NA,4.580877493,4.804021045,3,NA,2.626840146,2,NA,NA,11.5758369,2.251291799,0.405465108,3.17805383,-2.525728644,NA,NA,2.353003475,0,2.708050201,2,2,4.013082168,2.349468679,NA,NA
Marmosops fuscatus,1,3.80999028,NA,4.874051629,NA,NA,NA,NA,2,NA,NA,2,NA,NA,NA,1.699278616,0.693147181,NA,NA,NA,NA,2.285530069,NA,NA,2,2,NA,NA,NA,NA
Marmosops invictus,1,3.373826185,NA,4.71195968,NA,NA,NA,NA,3,NA,NA,2,NA,NA,NA,NA,NA,NA,NA,NA,NA,NA,NA,NA,2,2,NA,NA,NA,NA
Metachirus nudicaudatus,1,5.8965218,NA,5.563331962,NA,NA,5.322814838,5.81711116,4,NA,NA,2,NA,NA,19.10497317,1.353254507,NA,3.871201011,NA,NA,NA,NA,0,2.197224577,2,2,NA,NA,NA,NA
Micoureus alstoni,1,4.885072071,NA,5.260096154,NA,NA,NA,NA,NA,NA,NA,NA,NA,NA,NA,NA,NA,NA,NA,NA,NA,NA,NA,NA,NA,NA,NA,NA,NA,NA
Monodelphis adusta,1,3.584629433,NA,4.794798318,NA,NA,NA,NA,3,NA,NA,1,NA,NA,NA,NA,NA,NA,NA,NA,NA,NA,NA,NA,1,2,NA,NA,NA,NA
Philander opossum,1,6.053993237,NA,5.581991418,NA,5.494418547,5.822897956,6.621405652,5,4.26969745,NA,2,NA,NA,10.29563014,1.558144618,1.098612289,3.737669618,-1.609437912,NA,NA,2.322662968,0,1.945910149,2,2,4.304736083,4.417755682,NA,NA
Tlacuatzin canescens,1,3.865560131,NA,NA,NA,NA,NA,NA,NA,NA,NA,2,NA,NA,NA,2.138889,NA,NA,NA,NA,NA,NA,0,NA,2,NA,NA,2.995732274,NA,NA
Peromyscus polius,1,3.688879454,NA,NA,NA,NA,NA,NA,NA,NA,NA,NA,NA,NA,NA,NA,NA,NA,NA,NA,NA,NA,NA,NA,NA,NA,NA,NA,NA,NA
Dasypus novemcinctus,2,8.281220194,NA,6.093095617,0,NA,6.765004374,8.163371316,5,NA,4.8978398,2,NA,NA,NA,1.376244025,NA,5.192956851,4.569335733,NA,NA,2.49733511,0,1.386294361,1,2,5.153505641,NA,NA,NA
Cabassous centralis,1,8.207862469,NA,6.030420802,NA,NA,6.698921355,8.245384468,1,NA,NA,2,NA,NA,NA,0,NA,NA,NA,NA,NA,NA,0,NA,1,3,NA,NA,NA,NA
Bradypus variegatus,2,8.327571453,NA,NA,NA,NA,6.53086305,8.240121298,1,NA,5.140727446,1,NA,NA,19.10497317,0,NA,NA,5.605103293,NA,NA,NA,0,NA,2,1,3.399307818,NA,NA,NA
Choloepus hoffmanni,2,8.681605328,NA,NA,0,NA,6.547846541,8.29654652,3,NA,5.555050421,2,NA,NA,21.36000936,0,NA,5.95376268,5.92157842,NA,NA,2.700961345,0,0.693147181,2,1,3.593403558,NA,NA,NA
Cyclopes didactylus,1,5.575759691,NA,5.177166165,NA,NA,4.740400135,5.480638923,1,NA,5.075173815,1,NA,NA,NA,0,NA,3.317815773,NA,NA,NA,NA,0,NA,2,3,NA,NA,NA,NA
Myrmecophaga tridactyla,2,10.29322293,NA,7.025289395,1.791759469,NA,7.863651265,10.32875529,1,NA,5.208064378,3,1.177410023,1.206767058,NA,0,0,5.743003188,7.313220387,NA,0,2.666913054,0,NA,1,3,4.308151115,8.16051539,NA,NA
Tamandua mexicana,2,8.337710003,NA,NA,NA,NA,6.8134446,8.345217927,1,NA,5.095221511,3,NA,NA,NA,NA,0,4.736198448,NA,NA,NA,NA,0,NA,2,3,NA,NA,NA,NA
Tamandua tetradactyla,2,8.476371197,NA,6.326739639,NA,NA,6.799891633,8.160518247,1,NA,5.075173815,2,1.00031589,1.051311957,NA,0,0,4.682131227,NA,NA,NA,NA,0,NA,2,3,NA,NA,NA,NA
Saguinus geoffroyi,3,6.199494461,NA,NA,NA,NA,5.455321115,5.416100402,4,NA,NA,1,NA,NA,15.52095358,0.678033543,NA,NA,3.86786211,NA,NA,NA,1.931521412,NA,2,2,NA,NA,NA,1
Cebus albifrons,3,7.827910534,NA,5.951371454,NA,7.291179256,NA,NA,5,NA,5.064428794,2,NA,NA,23.39871791,0.009950331,NA,6.269096284,5.446392485,NA,NA,2.704504838,3.218875825,NA,2,2,6.465856466,6.821859643,NA,1
Cebus capucinus,3,8.008362244,NA,5.934417892,NA,7.286191715,NA,NA,4,NA,5.081776966,2,NA,NA,28.12169981,0.009950331,NA,6.488596844,5.473782136,NA,NA,2.76877147,2.898670561,NA,2,2,8.010766753,7.207852464,NA,1
Saimiri oerstedii,3,6.571135031,NA,5.642686909,NA,NA,NA,NA,2,NA,5.081404365,1,NA,NA,NA,0.009950331,NA,NA,NA,NA,1.794122578,NA,3.222867846,NA,2,2,7.133033925,NA,NA,1
Ateles geoffroyi,3,8.933585051,NA,6.070899378,NA,7.640363528,NA,NA,2,NA,5.422170829,1,NA,0.260112761,32.37514479,0.009950331,NA,5.791793352,6.054087172,NA,NA,2.766200725,3.737669618,NA,2,1,9.345993307,8.154229946,NA,1
Ateles fusciceps,3,9.112500395,NA,6.192669191,NA,7.480935791,NA,NA,2,NA,5.414766179,1,NA,NA,29.18321435,0.009950331,NA,5.66296048,6.214588098,NA,NA,2.73776627,NA,NA,2,1,7.844388595,NA,NA,1
Alouatta palliata,3,8.791332473,NA,6.356715115,NA,7.231381066,7.614509463,8.448914351,2,NA,5.222623522,1,NA,NA,26.16046636,0.019802627,NA,5.703782475,5.762962917,NA,NA,2.713702199,2.57261223,NA,2,1,7.913654748,6.960110509,NA,1
Alouatta pigra,3,8.877948201,NA,6.340253478,NA,NA,NA,NA,2,NA,5.225316474,1,NA,NA,NA,0.009950331,NA,5.480638923,6.173786104,NA,NA,NA,1.704748092,NA,2,1,NA,NA,NA,1
Aplodontia rufa,NA,6.692344254,NA,5.726684868,NA,6.593044534,6.027627706,6.675823222,2,NA,3.401197382,1,NA,NA,NA,0.90016135,0,4.787491743,3.140698044,NA,NA,2.592033697,NA,NA,1,1,3.879754829,5.84932478,NA,NA
Microsciurus alfari,3,4.471524501,NA,NA,NA,NA,NA,NA,NA,NA,NA,2,NA,NA,NA,NA,NA,NA,NA,NA,NA,NA,NA,NA,2,NA,NA,NA,NA,NA
Microsciurus mimulus,3,4.787491743,NA,NA,NA,NA,NA,NA,1,NA,NA,2,NA,NA,NA,NA,NA,NA,NA,NA,NA,NA,0.693147181,NA,2,3,NA,NA,NA,NA
Sciurus aberti,3,6.434466259,NA,5.595788866,3.737669618,NA,6.065086687,6.436150368,6,NA,3.713084143,2,NA,NA,NA,1.16315081,0.223143551,NA,2.48490665,NA,NA,2.440368181,NA,NA,2,2,4.115979677,5.87208962,NA,NA
Sciurus alleni,3,6.142338436,NA,5.454936426,NA,NA,NA,NA,3,NA,NA,2,NA,NA,NA,1.098612289,NA,NA,NA,NA,NA,NA,NA,2.079441542,2,2,NA,NA,NA,NA
Sciurus arizonensis,3,6.472330838,NA,5.572876205,NA,NA,NA,NA,3,NA,NA,2,NA,NA,NA,1.128171091,0,NA,NA,NA,NA,NA,NA,2.079441542,2,1,NA,NA,NA,NA
Sciurus carolinensis,3,6.30151947,NA,5.535284924,3.465735903,5.899897354,5.96870756,6.086774727,7,5.717553879,3.8019849,2,NA,NA,NA,1.091923301,0.693147181,5.66296048,2.719319793,NA,NA,2.413025239,0,2.079441542,2,2,4.110857599,5.298317367,NA,NA
Sciurus colliaei,3,6.210600077,NA,5.533942695,NA,NA,NA,NA,2,NA,NA,2,NA,NA,NA,0.978326123,NA,NA,NA,NA,NA,NA,NA,2.079441542,2,1,NA,NA,NA,NA
Sciurus deppei,3,5.519458915,NA,5.30076437,NA,NA,NA,NA,3,NA,NA,2,NA,NA,NA,1.068153081,NA,NA,NA,NA,NA,NA,0,1.791759469,2,1,NA,NA,NA,NA
Sciurus granatensis,3,5.763434074,NA,5.401370222,NA,NA,NA,NA,6,NA,NA,2,NA,NA,NA,0.641853886,0.916290732,NA,2.251291799,NA,NA,NA,0,1.791759469,2,2,NA,NA,NA,NA
Sciurus griseus,3,6.556565265,NA,5.680582081,NA,NA,NA,NA,4,NA,3.772531027,2,NA,NA,NA,0.97455964,0,NA,NA,NA,NA,2.408363187,NA,2.079441542,2,1,NA,NA,NA,NA
Sciurus nayaritensis,3,6.546785411,NA,5.642438844,NA,NA,NA,NA,4,NA,NA,2,NA,NA,NA,0.887891257,NA,NA,NA,NA,NA,NA,NA,2.079441542,2,1,NA,NA,NA,NA
Sciurus niger,NA,NA,NA,NA,NA,NA,NA,NA,NA,NA,NA,NA,NA,NA,NA,NA,NA,NA,NA,NA,NA,NA,NA,NA,NA,NA,NA,NA,NA,NA
Sciurus oculatus,3,6.476941593,NA,5.587997442,NA,NA,NA,NA,NA,NA,NA,2,NA,NA,NA,NA,NA,NA,NA,NA,NA,NA,NA,NA,2,NA,NA,NA,NA,NA
Sciurus richmondi,3,5.470209728,NA,5.269917892,NA,NA,NA,NA,NA,NA,NA,2,NA,NA,NA,0.951657876,NA,NA,NA,NA,NA,NA,NA,NA,2,NA,NA,NA,NA,NA
Sciurus variegatoides,3,6.184148891,NA,5.570631962,NA,NA,NA,NA,4,NA,NA,2,NA,NA,NA,1.60743591,NA,NA,NA,NA,NA,NA,NA,NA,2,2,NA,NA,NA,NA
Sciurus yucatanensis,3,5.416100402,NA,5.467469249,NA,NA,NA,NA,1,NA,NA,2,NA,NA,NA,1.098612289,NA,NA,NA,NA,NA,NA,NA,NA,2,1,NA,NA,NA,NA
Syntheosciurus brochus,2,NA,NA,5.087596335,NA,NA,NA,NA,3,NA,NA,2,NA,NA,NA,NA,NA,NA,NA,NA,NA,NA,0.693147181,NA,2,1,NA,NA,NA,NA
Tamiasciurus douglasii,3,5.416100402,NA,5.252063982,NA,NA,NA,NA,5,NA,3.663048694,2,NA,NA,NA,1.702928256,0.693147181,NA,1.60743591,NA,NA,2.223461937,0,2.079441542,2,2,NA,NA,NA,NA
Tamiasciurus hudsonicus,3,5.299516647,NA,5.238673514,3.417726684,NA,5.453909864,5.343051698,5,NA,3.533686565,1,NA,NA,NA,1.368639426,0.559615788,4.9698133,1.930071085,NA,NA,2.424871568,NA,2.079441542,2,2,4.065988719,4.572853585,NA,NA
Glaucomys sabrinus,1,4.923842075,NA,5.080285727,3.449987546,NA,NA,NA,6,NA,3.688879454,2,NA,NA,NA,1.098612289,0,5.049856007,1.729884066,3.88567903,NA,2.411640388,NA,NA,2,2,4.020725759,3.682358237,4.679349584,NA
Glaucomys volans,1,4.275276265,NA,4.851874002,3.258096538,NA,4.20543861,4.290459441,5,NA,3.676047475,1,NA,NA,10.80509139,1.141033005,0.693147181,4.9698133,1.283707772,NA,NA,2.411640388,NA,NA,2,2,3.853670531,3.832979798,NA,NA
Spermophilus townsendii,3,5.334118779,NA,5.154158271,NA,NA,4.862599215,5.442417711,5,NA,3.093312602,2,NA,NA,NA,2.138889,0,NA,1.30833282,3.835141961,NA,2.454685199,0,NA,1,2,3.19288785,3.741234684,NA,NA
Spermophilus tridecemlineatus,3,5.164271556,NA,4.923623917,3.258096538,NA,4.641887769,5.204006687,5,NA,3.314186005,2,NA,NA,NA,2.089391873,0,NA,1.098612289,NA,NA,2.361473053,0,NA,1,2,3.029704902,NA,NA,NA
Spermophilus adocetus,NA,5.046774341,NA,5.178801581,NA,NA,NA,NA,2,NA,NA,2,NA,NA,NA,NA,NA,NA,NA,NA,NA,NA,NA,NA,1,1,NA,NA,NA,NA
Spermophilus annulatus,NA,6.214588098,NA,5.398750764,NA,NA,NA,NA,3,NA,NA,3,NA,NA,NA,1.355835154,NA,NA,NA,NA,NA,NA,NA,NA,2,2,NA,NA,NA,NA
Spermophilus armatus,NA,5.7251525,NA,5.391352233,NA,NA,5.248811947,5.726847748,3,NA,3.198673118,2,NA,NA,NA,1.686398954,0,4.094344562,NA,NA,NA,2.458133242,0,NA,1,2,2.777627844,4.867457524,NA,NA
Spermophilus atricapillus,NA,6.31171666,NA,5.499869492,NA,NA,NA,NA,NA,NA,NA,NA,NA,NA,NA,NA,NA,NA,NA,NA,NA,NA,NA,2.397895273,NA,NA,NA,NA,NA,NA
Spermophilus beecheyi,NA,6.393289705,NA,NA,3.555348061,NA,5.761359319,6.396262766,NA,NA,3.345332249,1,NA,NA,NA,1.903598951,0,4.094344562,2.228938553,NA,NA,2.428970431,NA,NA,1,NA,3.746812106,4.192378302,NA,NA
Spermophilus beldingi,3,5.6077487,NA,5.465525286,2.970414466,NA,5.204006687,5.66919103,5,4.025351691,3.265377659,2,NA,NA,NA,1.742219024,0,NA,1.925707442,NA,NA,2.458133242,NA,2.302585093,1,2,2.904392867,4.085976313,NA,NA
Spermophilus brunneus,NA,5.703782475,NA,5.19822075,NA,NA,NA,NA,8,NA,3.198673118,2,NA,NA,NA,2.014903021,0,NA,NA,NA,NA,NA,NA,2.302585093,1,2,NA,NA,NA,NA
Spermophilus canus,NA,NA,NA,NA,NA,NA,NA,NA,NA,NA,NA,NA,NA,NA,NA,NA,NA,NA,NA,NA,NA,NA,NA,NA,NA,NA,NA,NA,NA,NA
Spermophilus columbianus,3,6.154730697,NA,5.690258098,3.032546247,NA,NA,NA,4,NA,3.181796817,2,NA,NA,NA,1.264126727,0,NA,2.259677592,NA,NA,2.53755918,NA,NA,1,1,3.181073171,4.687395126,NA,NA
Spermophilus elegans,3,5.782131441,NA,NA,3.17805383,NA,NA,NA,1,NA,3.134189017,2,NA,NA,NA,1.749199855,NA,NA,1.786746927,NA,NA,NA,0,2.302585093,1,1,3.214001151,4.382026635,NA,NA
Spermophilus franklinii,NA,6.126082849,NA,5.503744912,2.995732274,NA,NA,NA,NA,NA,3.33220451,NA,NA,NA,NA,2.162172939,0,NA,2.196112848,NA,NA,2.40804872,NA,NA,NA,NA,3.076196463,NA,NA,NA
Spermophilus lateralis,NA,5.165357239,NA,5.367750141,3.295836866,NA,5.321398926,5.412984442,4,NA,3.347093123,NA,NA,NA,NA,1.644805056,0,NA,1.806648082,NA,NA,2.458133242,NA,2.302585093,NA,2,3.475750748,4.446877607,NA,NA
Spermophilus madrensis,NA,5.333298335,NA,5.144466642,NA,NA,NA,NA,NA,NA,NA,NA,NA,NA,NA,1.467874348,NA,NA,NA,NA,NA,NA,NA,NA,NA,NA,NA,NA,NA,NA
Spermophilus mexicanus,NA,5.178914269,NA,5.264760583,NA,NA,NA,NA,5,NA,NA,2,NA,NA,NA,1.776645831,NA,NA,1.460937904,3.96271612,NA,NA,0,1.386294361,1,2,NA,NA,NA,NA
Spermophilus mohavensis,3,5.362136879,NA,5.053247685,3.417726684,NA,4.725616339,5.480638923,2,NA,3.190887788,2,NA,NA,NA,1.871802177,NA,NA,1.504077397,NA,NA,NA,0,NA,1,1,3.168506164,NA,NA,NA
Spermophilus mollis,NA,5.108366783,NA,NA,3.020424886,NA,NA,NA,NA,NA,NA,NA,NA,NA,NA,2.075684493,NA,NA,1.350667183,NA,NA,NA,NA,NA,NA,NA,3.44231996,NA,NA,NA
Spermophilus parryii,NA,6.61618566,NA,5.630925002,NA,NA,NA,NA,NA,NA,3.225255432,NA,NA,NA,NA,1.871802177,0,NA,2.397895273,NA,NA,2.458133242,NA,NA,NA,NA,3.036588972,NA,NA,NA
Spermophilus perotensis,NA,4.941642423,NA,5.187385806,NA,NA,NA,NA,NA,NA,NA,NA,NA,NA,NA,1.803358605,NA,NA,NA,NA,NA,NA,NA,NA,NA,NA,NA,NA,NA,NA
Spermophilus richardsonii,3,5.784132827,NA,5.351715943,3.126760536,5.899897354,5.084319367,5.530618856,3,4.248495242,3.126760536,1,NA,NA,NA,2.026831591,0,NA,1.830980182,4.019980147,NA,2.414497504,NA,2.302585093,1,1,3.083926515,4.65396035,NA,NA
Spermophilus saturatus,NA,NA,NA,NA,NA,NA,NA,NA,NA,NA,NA,NA,NA,NA,NA,NA,NA,NA,NA,NA,NA,NA,NA,NA,NA,NA,NA,NA,NA,NA
Spermophilus spilosoma,3,4.669458676,NA,4.980176087,3.295836866,NA,4.716532654,5.19462213,6,NA,NA,2,NA,NA,NA,1.937301775,0.693147181,NA,NA,NA,NA,2.432451812,NA,NA,1,2,3.625132774,3.80666249,NA,NA
Spermophilus tereticaudus,3,4.994302639,NA,5.040388252,3.33220451,NA,4.538175317,5.117993812,4,NA,3.316728225,2,NA,NA,NA,1.843719208,0,NA,1.345472367,NA,NA,2.404849677,NA,2.302585093,1,2,3.264823802,NA,NA,NA
Spermophilus variegatus,3,6.571694958,NA,5.611301622,NA,NA,NA,NA,6,NA,3.401197382,2,NA,NA,NA,1.595338988,0.223143551,NA,2.054123734,NA,NA,2.458133242,NA,2.302585093,1,2,3.741581113,NA,NA,NA
Spermophilus washingtoni,3,5.371056545,NA,5.111987788,NA,NA,NA,NA,7,NA,NA,2,NA,NA,NA,2.064327904,0,NA,NA,NA,NA,NA,NA,2.302585093,1,2,NA,3.496204485,NA,NA
Ammospermophilus harrisii,3,4.840795515,NA,5.069972813,3.449987546,NA,NA,NA,4,NA,3.373826185,NA,NA,NA,NA,1.843719208,0,NA,1.278152203,NA,NA,2.300248179,NA,NA,NA,1,3.650071932,NA,NA,NA
Ammospermophilus interpres,3,4.723219853,NA,5.019528961,NA,NA,NA,NA,4,NA,NA,2,NA,NA,NA,2.23644529,0.223143551,NA,NA,NA,NA,NA,NA,2.302585093,1,2,NA,NA,NA,NA
Ammospermophilus leucurus,3,4.643621372,NA,5.01820656,3.555348061,NA,4.542017371,4.561218298,5,NA,3.380314171,2,NA,NA,NA,2.079441542,0.223143551,4.242764567,1.064710737,NA,NA,2.43582145,NA,NA,1,2,4.010596902,3.555062306,NA,NA
Ammospermophilus nelsoni,3,5.077795376,NA,5.12622333,NA,NA,NA,NA,5,NA,3.258096538,2,NA,NA,NA,2.186051277,0,4.189654742,1.583093937,NA,NA,2.435930209,1.945910149,2.63905733,1,2,3.101352168,3.713572067,NA,NA
Cynomys gunnisoni,3,6.682020874,NA,5.631641797,NA,NA,NA,NA,5,NA,3.3891248,2,NA,NA,NA,1.499623046,0,NA,NA,NA,2.077856615,2.445326087,1.731655545,2.302585093,1,2,3.32168154,NA,NA,NA
Cynomys leucurus,3,6.870842301,NA,5.728442566,NA,NA,NA,NA,1,NA,3.414113607,2,NA,NA,NA,1.686398954,0,NA,NA,NA,NA,2.454685199,NA,NA,1,1,3.166845173,NA,NA,NA
Cynomys ludovicianus,3,6.680917412,NA,5.683715813,3.465735903,NA,6.046591733,7.014185223,4,6.263188717,3.510350696,2,NA,NA,NA,1.488399584,0,4.624972813,2.72392355,NA,1.268636241,2.558640641,1.81319475,2.079441542,1,1,3.571848332,4.816969636,NA,NA
Cynomys parvidens,3,6.802372541,NA,5.664591094,NA,NA,NA,NA,1,NA,NA,2,NA,NA,NA,1.587192303,0,NA,NA,NA,NA,2.432451812,NA,2.302585093,1,1,NA,NA,NA,NA
Marmota broweri,NA,NA,NA,NA,NA,NA,NA,NA,NA,NA,NA,NA,NA,NA,NA,NA,NA,NA,NA,NA,NA,NA,NA,NA,NA,NA,NA,NA,NA,NA
Marmota caligata,NA,7.720333026,NA,NA,NA,NA,NA,NA,NA,6.572100708,3.401197382,NA,NA,NA,NA,1.541159072,-0.693147181,NA,NA,NA,NA,2.592033697,1.098612289,NA,NA,NA,2.898850119,NA,NA,NA
Marmota flaviventris,3,8.218714377,NA,6.020537795,NA,6.593044534,7.343555587,8.365206834,4,5.878939539,3.414113607,2,NA,NA,21.36000936,1.539015448,0,4.564348191,3.520164901,4.709530201,NA,2.592033697,NA,2.302585093,1,1,2.924017738,6.081647971,NA,NA
Marmota monax,3,8.263830095,NA,6.02286631,NA,NA,6.496020558,7.882314919,3,5.878939539,3.449987546,1,NA,NA,NA,1.410986974,0,4.787491743,3.302849259,4.48863637,NA,2.454685199,0,NA,1,2,3.525795806,5.513388423,5.347107531,NA
Marmota olympus,NA,8.748303325,NA,NA,NA,NA,NA,NA,NA,6.572100708,NA,NA,NA,NA,NA,1.386294361,-0.693147181,NA,NA,NA,NA,2.653359654,1.098612289,NA,NA,NA,3.262633275,NA,NA,NA
Marmota vancouverensis,3,8.562631076,NA,6.145986587,NA,NA,NA,NA,4,6.572100708,3.454738149,2,NA,NA,NA,1.278152203,NA,NA,NA,NA,NA,2.669100929,2.079441542,NA,1,1,NA,NA,NA,NA
Tamias alpinus,NA,3.598407551,NA,4.650621449,NA,NA,NA,NA,1,NA,NA,2,NA,NA,NA,1.504077397,NA,NA,NA,NA,NA,NA,NA,NA,2,1,NA,NA,NA,NA
Tamias amoenus,NA,3.924544286,NA,4.77119297,3.449987546,5.899897354,4.567156744,4.044804117,7,NA,3.416414347,2,NA,NA,19.10497317,1.60743591,0,4.127134385,0.963174318,NA,NA,2.420322649,NA,NA,2,2,3.475750748,NA,NA,NA
Tamias bulleri,NA,4.605170186,NA,4.911551336,NA,NA,NA,NA,NA,NA,NA,1,NA,NA,NA,0.887891257,NA,NA,NA,NA,NA,NA,NA,NA,1,NA,NA,NA,NA,NA
Tamias cinereicollis,NA,4.12049952,NA,4.852030264,NA,NA,NA,NA,6,NA,3.407510744,2,NA,NA,NA,1.587192303,0,NA,NA,NA,NA,NA,NA,NA,2,2,3.494412855,NA,NA,NA
Tamias dorsalis,3,4.153556422,NA,4.831349126,3.135494216,NA,NA,NA,5,NA,3.384051223,1,NA,NA,NA,1.60743591,0,NA,NA,NA,NA,NA,NA,2.079441542,2,1,3.107232506,NA,NA,NA
Tamias durangae,NA,4.442533603,NA,4.897167933,NA,NA,NA,NA,NA,NA,NA,NA,NA,NA,NA,0.867100488,NA,NA,NA,NA,NA,NA,NA,NA,NA,NA,NA,NA,NA,NA
Tamias merriami,3,4.314416735,NA,4.897466596,NA,NA,4.366278278,4.317488114,5,NA,3.507657293,NA,NA,NA,NA,1.504077397,NA,NA,NA,NA,NA,NA,NA,NA,NA,2,NA,NA,NA,NA
Tamias minimus,3,3.758172281,NA,4.714562563,3.295836866,NA,4.286753954,3.824284091,4,NA,3.373826185,3,NA,NA,19.10497317,1.599387577,0,4.330206886,0.819779831,3.671733295,NA,2.418567523,NA,2.079441542,2,2,3.353401164,NA,NA,NA
Tamias obscurus,3,4.290322445,NA,4.85288927,NA,NA,NA,NA,3,NA,NA,3,NA,NA,NA,1.249901736,NA,NA,NA,NA,NA,NA,NA,NA,2,1,NA,NA,NA,NA
Tamias ochrogenys,NA,4.518413322,NA,5.017544702,NA,NA,NA,NA,3,NA,NA,NA,NA,NA,NA,NA,NA,NA,NA,NA,NA,NA,NA,2.079441542,NA,2,NA,NA,NA,NA
Tamias panamintinus,3,3.946037884,NA,4.75350398,3.384390263,NA,NA,NA,6,NA,3.589887505,2,NA,NA,NA,1.396244692,0,NA,1.62924054,NA,NA,NA,NA,NA,2,2,4.341830795,2.872434057,NA,NA
Tamias quadrimaculatus,3,4.426282726,NA,4.942499198,NA,NA,NA,NA,5,NA,3.454738149,2,NA,NA,NA,1.780024213,0,NA,NA,NA,NA,NA,NA,NA,2,2,NA,NA,NA,NA
Tamias quadrivittatus,3,4.05161102,NA,4.807376066,3.433987204,5.899897354,NA,NA,5,NA,3.456316681,2,NA,NA,NA,1.366091654,0,NA,0.916290732,NA,NA,2.40648762,NA,2.079441542,2,2,3.565304553,NA,NA,NA
Tamias ruficaudus,3,4.095344063,NA,4.822376145,NA,5.899897354,NA,NA,4,NA,NA,2,NA,NA,NA,1.578978705,0,4.564348191,NA,NA,NA,NA,0,NA,2,2,NA,NA,NA,NA
Tamias rufus,3,3.981549068,NA,NA,3.433987204,NA,NA,NA,3,NA,3.491951745,2,NA,NA,NA,NA,0,NA,NA,NA,NA,2.404849677,1.504077397,NA,2,1,3.563205462,NA,NA,NA
Tamias senex,3,4.492561242,NA,4.979832385,NA,NA,NA,NA,2,NA,NA,2,NA,NA,NA,1.474763009,NA,NA,NA,NA,NA,NA,NA,NA,2,2,NA,NA,NA,NA
Tamias siskiyou,NA,4.317488114,NA,4.97859408,NA,NA,NA,NA,NA,NA,NA,NA,NA,NA,NA,NA,NA,NA,NA,NA,NA,NA,NA,NA,NA,NA,NA,NA,NA,NA
Tamias sonomae,NA,4.317488114,NA,4.895074787,NA,NA,NA,NA,2,NA,NA,2,NA,NA,NA,1.386294361,0,NA,NA,NA,NA,NA,NA,NA,2,1,2.758924176,NA,NA,NA
Tamias speciosus,3,4.108083088,NA,4.825830657,NA,NA,NA,NA,5,NA,NA,2,NA,NA,NA,1.420695788,0,NA,NA,NA,NA,NA,NA,2.079441542,2,2,NA,NA,NA,NA
Tamias striatus,NA,NA,NA,4.986820629,NA,NA,NA,NA,NA,NA,NA,NA,NA,NA,NA,NA,NA,NA,NA,NA,NA,NA,NA,NA,NA,NA,NA,NA,NA,NA
Tamias townsendii,3,4.370965687,NA,4.936127242,3.33220451,NA,NA,NA,8,NA,3.33220451,3,NA,NA,NA,1.32175584,0,4.430816799,1.25846099,3.753964701,NA,NA,NA,2.079441542,2,2,3.46939299,3.555062306,NA,NA
Tamias umbrinus,NA,3.946424432,NA,4.817535864,NA,NA,NA,NA,NA,NA,NA,NA,NA,NA,NA,1.916922612,NA,NA,NA,NA,NA,NA,NA,NA,NA,NA,NA,NA,NA,NA
Cratogeomys castanops,NA,5.586611751,NA,5.26035586,NA,NA,NA,NA,4,NA,NA,2,NA,NA,NA,0.850150929,1.252762968,4.032469159,1.8017098,NA,NA,NA,0,NA,1,1,NA,NA,NA,NA
Cratogeomys merriami,NA,6.040230901,NA,NA,NA,NA,NA,NA,3,NA,NA,2,NA,NA,NA,0.662687973,NA,NA,NA,NA,NA,NA,NA,NA,1,1,NA,NA,NA,NA
Geomys attwateri,2,4.970229879,NA,5.033961119,NA,NA,NA,NA,2,NA,NA,2,NA,NA,NA,0.636576829,NA,NA,NA,NA,NA,NA,NA,NA,1,1,NA,NA,NA,NA
Geomys arenarius,NA,5.327876169,NA,5.15149808,NA,NA,NA,NA,3,NA,NA,2,NA,NA,NA,1.549687908,NA,NA,NA,NA,NA,NA,NA,NA,1,1,NA,NA,NA,NA
Geomys breviceps,1,4.91610481,NA,5.014826499,NA,NA,NA,NA,3,NA,NA,1,NA,NA,NA,0.928219303,0.530628251,NA,NA,NA,NA,2.11712335,NA,NA,1,1,NA,NA,NA,NA
Geomys bursarius,2,5.316893752,NA,5.17631921,NA,NA,5.268115858,5.470167623,3,NA,2.917770732,2,NA,NA,NA,1.1442228,0,4.458987676,1.631199404,NA,NA,2.128484588,0,NA,1,1,3.267948037,3.113515309,NA,NA
Geomys knoxjonesi,NA,5.150339264,NA,5.039935163,NA,NA,NA,NA,2,NA,3.17722015,1,NA,NA,NA,NA,NA,NA,NA,NA,NA,NA,NA,NA,1,1,2.898850119,NA,NA,NA
Geomys personatus,NA,5.983936281,NA,5.21716154,NA,NA,NA,NA,3,NA,NA,2,NA,NA,NA,1.128171091,NA,NA,NA,NA,NA,NA,0,NA,1,1,NA,NA,NA,NA
Geomys pinetis,NA,5.304050898,NA,NA,NA,NA,4.934473933,5.305789381,3,NA,NA,2,NA,NA,NA,0.518793793,0.693147181,NA,1.635105659,NA,NA,2.282166349,0,NA,1,1,NA,NA,NA,NA
Geomys texensis,NA,NA,NA,5.108064439,NA,NA,NA,NA,NA,NA,NA,2,NA,NA,NA,NA,0,NA,NA,NA,NA,NA,0,NA,1,NA,NA,NA,NA,NA
Orthogeomys cherriei,NA,NA,NA,NA,NA,NA,NA,NA,3,NA,NA,2,NA,NA,NA,NA,NA,NA,NA,NA,NA,NA,NA,NA,1,1,NA,NA,NA,NA
Orthogeomys dariensis,NA,6.082196079,NA,NA,NA,NA,NA,NA,3,NA,NA,2,NA,NA,NA,NA,NA,NA,NA,NA,NA,NA,NA,NA,1,1,NA,NA,NA,NA
Orthogeomys grandis,NA,6.214588098,NA,NA,NA,NA,NA,NA,3,NA,NA,2,NA,NA,NA,NA,NA,NA,NA,NA,NA,NA,NA,NA,1,1,NA,NA,NA,NA
Orthogeomys hispidus,NA,6.214588098,NA,NA,NA,NA,NA,NA,3,NA,NA,2,NA,NA,NA,0.678033543,NA,NA,NA,NA,NA,NA,NA,NA,1,1,NA,NA,NA,NA
Orthogeomys matagalpae,NA,NA,NA,NA,NA,NA,NA,NA,3,NA,NA,2,NA,NA,NA,NA,NA,NA,NA,NA,NA,NA,NA,NA,1,1,NA,NA,NA,NA
Orthogeomys underwoodi,NA,5.521460918,NA,NA,NA,NA,NA,NA,3,NA,NA,2,NA,NA,NA,NA,NA,NA,NA,NA,NA,NA,NA,NA,1,1,NA,NA,NA,NA
Pappogeomys alcorni,NA,5.010635294,NA,NA,NA,NA,NA,NA,3,NA,NA,2,NA,NA,NA,NA,NA,NA,NA,NA,NA,NA,NA,NA,1,1,NA,NA,NA,NA
Pappogeomys bulleri,NA,5.010635294,NA,NA,NA,NA,NA,NA,3,NA,NA,2,NA,NA,NA,-0.030459207,NA,NA,NA,NA,NA,NA,NA,NA,1,1,NA,NA,NA,NA
Thomomys bottae,2,4.809742352,NA,5.053439323,NA,4.513602992,4.788491243,4.96284463,4,NA,3.17262244,2,NA,NA,NA,1.528227857,0.693147181,3.988984047,1.16315081,NA,NA,2.303300604,0,NA,1,1,3.293651707,NA,NA,NA
Thomomys bulbivorus,NA,5.885826215,NA,5.295513439,NA,NA,NA,NA,3,NA,NA,2,NA,NA,NA,1.60743591,0,NA,1.811562097,NA,NA,NA,0,2.079441542,1,1,3.460786795,4.45423101,NA,NA
Thomomys clusius,NA,NA,NA,NA,NA,NA,NA,NA,3,NA,NA,2,NA,NA,NA,1.871802177,NA,NA,NA,NA,NA,NA,NA,NA,1,1,NA,NA,NA,NA
Thomomys idahoensis,NA,NA,NA,NA,NA,NA,NA,NA,3,NA,NA,2,NA,NA,NA,NA,NA,NA,NA,NA,NA,NA,NA,NA,1,1,NA,NA,NA,NA
Thomomys mazama,NA,4.533351898,NA,4.976664775,NA,NA,NA,NA,3,NA,NA,2,NA,NA,NA,1.332366019,NA,NA,NA,NA,NA,NA,NA,NA,1,1,NA,NA,NA,NA
Thomomys monticola,NA,4.39432569,NA,NA,NA,NA,NA,NA,3,NA,NA,2,NA,NA,NA,1.249901736,0,4.094344562,NA,NA,NA,2.444397895,NA,NA,1,1,NA,NA,NA,NA
Thomomys talpoides,NA,4.650525888,NA,5.024143644,3.228826156,NA,4.852811209,4.65396035,3,NA,2.944438979,2,NA,NA,19.10497317,1.581038438,0,3.80666249,1.147402453,NA,NA,2.333769208,0,2.397895273,1,1,3.211417547,NA,NA,NA
Thomomys townsendii,NA,5.573483946,NA,5.21450088,NA,NA,NA,NA,3,NA,NA,2,NA,NA,NA,1.816452082,0.693147181,NA,NA,NA,NA,NA,NA,NA,1,1,NA,NA,NA,NA
Thomomys umbrinus,NA,4.832783732,NA,NA,NA,NA,4.394449155,4.557029811,3,NA,NA,2,NA,NA,NA,0.78845736,NA,NA,NA,NA,NA,NA,NA,NA,1,1,NA,NA,NA,NA
Zygogeomys trichopus,NA,6.160236386,NA,5.416100402,NA,NA,NA,NA,4,NA,NA,2,NA,NA,NA,NA,NA,NA,NA,NA,NA,NA,NA,NA,1,1,NA,NA,NA,NA
Castor canadensis,2,9.805014376,NA,6.626373319,-0.693147181,NA,NA,NA,3,6.593030835,4.71483144,3,NA,NA,NA,1.280933845,0,5.192956851,6.028688075,NA,NA,2.548883119,1.62924054,1.386294361,1,1,3.595983174,NA,NA,NA
Dipodomys agilis,NA,4.097838451,NA,NA,NA,NA,4.159664028,4.110873864,NA,NA,NA,NA,NA,NA,NA,0.955511445,0.693147181,NA,NA,NA,NA,2.312381355,NA,NA,NA,NA,NA,NA,NA,NA
Dipodomys californicus,NA,4.442062848,NA,4.746235626,NA,NA,NA,NA,4,NA,NA,NA,NA,NA,NA,0.955511445,0.693147181,NA,NA,NA,NA,NA,NA,1.791759469,NA,1,NA,NA,NA,NA
Dipodomys compactus,1,3.896909368,NA,5.122832387,NA,NA,NA,NA,NA,NA,NA,NA,NA,NA,NA,0.662687973,NA,NA,NA,NA,NA,NA,NA,NA,NA,NA,NA,NA,NA,NA
Dipodomys deserti,1,4.678699419,NA,4.928050469,2.63905733,NA,4.543188394,4.653007515,5,NA,3.417726684,2,NA,NA,NA,1.211940974,0.916290732,NA,1.406096988,NA,NA,1.98228906,NA,1.791759469,1,1,2.891293746,NA,NA,NA
Dipodomys elator,1,4.661739537,NA,4.783316371,NA,NA,NA,NA,4,NA,NA,NA,NA,NA,NA,1.068153081,NA,NA,NA,NA,NA,NA,NA,NA,NA,2,NA,NA,NA,NA
Dipodomys heermanni,1,4.144403762,NA,4.711779921,2.602689685,NA,4.292785501,4.147885329,4,NA,3.433664572,2,NA,NA,NA,1.134622726,0.693147181,3.360375387,1.30833282,NA,NA,1.993173786,0,NA,1,2,2.958693117,3.589059119,NA,NA
Dipodomys ingens,1,4.732771531,NA,4.996062965,NA,NA,NA,NA,3,NA,NA,2,NA,NA,NA,1.562346305,NA,NA,NA,NA,NA,NA,NA,1.791759469,1,2,NA,NA,NA,NA
Dipodomys merriami,1,3.63521493,NA,4.590462557,2.621038824,4.574710979,3.775974161,3.610917913,1,NA,3.426540189,NA,NA,NA,7.348469228,0.871293366,0.559615788,3.17805383,1.190887565,NA,NA,2.050934681,NA,1.791759469,NA,1,2.733287064,2.833213344,NA,NA
Dipodomys microps,1,4.029983803,NA,4.722686519,NA,NA,4.096841442,4.019980147,3,NA,3.433664572,2,NA,NA,NA,0.862889955,0,NA,1.386294361,NA,NA,2.235323598,NA,1.609437912,1,2,2.758924176,3.044522438,NA,NA
Dipodomys nelsoni,1,4.476541043,NA,4.848116365,NA,NA,NA,NA,1,NA,NA,2,NA,NA,NA,0.662687973,NA,NA,NA,NA,NA,NA,NA,NA,1,1,NA,NA,NA,NA
Dipodomys nitratoides,1,3.727859754,NA,4.579339426,2.48490665,4.430816799,3.831029846,3.632309103,2,NA,3.49316866,2,NA,NA,NA,0.760805829,NA,NA,1.085189268,NA,NA,2.134572562,0,NA,1,1,2.817660484,2.995732274,NA,NA
Dipodomys ordii,1,3.919991175,NA,4.735496448,NA,NA,4.158414223,3.887730313,5,NA,3.390810289,NA,NA,NA,11.95616996,1.08180517,0.693147181,4.767289035,1.60743591,NA,NA,2.112643117,NA,NA,NA,2,NA,NA,NA,NA
Dipodomys panamintinus,1,4.299595661,NA,4.791317748,2.862200881,NA,4.223616898,4.041295341,NA,NA,3.382354294,2,NA,NA,NA,1.32972401,NA,NA,1.504077397,NA,NA,NA,0,NA,1,NA,3.032607268,NA,NA,NA
Dipodomys phillipsii,1,3.713572067,NA,4.562888794,NA,NA,NA,NA,3,NA,NA,2,NA,NA,NA,0.951657876,NA,NA,NA,NA,NA,NA,NA,NA,1,1,NA,NA,NA,NA
Dipodomys simulans,NA,NA,NA,NA,NA,NA,NA,NA,NA,NA,NA,NA,NA,NA,NA,NA,NA,NA,NA,NA,NA,NA,NA,NA,NA,NA,NA,NA,NA,NA
Dipodomys spectabilis,1,4.82518886,NA,4.949752306,2.63905733,NA,NA,NA,4,NA,3.157000421,2,NA,NA,6.480740698,0.982078472,0.693147181,3.583518938,2.046401688,3.688879454,NA,2.395336354,NA,NA,1,2,2.863107776,NA,NA,NA
Dipodomys stephensi,NA,4.226687749,NA,4.757891273,2.63905733,NA,NA,NA,1,NA,NA,NA,NA,NA,NA,0.985816795,0.693147181,NA,1.481604541,3.688879454,NA,NA,0,NA,NA,1,2.708069139,3.277144733,NA,NA
Dipodomys venustus,NA,4.400848389,NA,4.840163254,NA,NA,NA,NA,2,NA,NA,2,NA,NA,NA,0.548121409,0.405465108,NA,NA,NA,NA,NA,NA,NA,1,1,NA,NA,NA,NA
Microdipodops megacephalus,1,2.509599262,NA,4.290322445,NA,NA,3.42816383,2.397895273,2,NA,NA,2,NA,NA,NA,1.371180723,NA,4.17438727,NA,NA,NA,NA,NA,NA,1,2,NA,NA,NA,NA
Microdipodops pallidus,1,2.592265168,NA,4.317488114,NA,NA,2.970414466,2.708050201,2,NA,NA,2,NA,NA,NA,1.358409158,NA,NA,0,NA,NA,NA,NA,NA,1,2,NA,NA,NA,NA
Perognathus flavescens,NA,2.22028985,NA,4.238300596,NA,NA,NA,NA,2,NA,NA,2,NA,NA,NA,1.474763009,0.693147181,NA,NA,NA,NA,NA,NA,1.791759469,1,1,NA,NA,NA,NA
Perognathus flavus,1,2.075684493,NA,4.087655574,2.740840024,NA,2.850706502,2.116255515,3,NA,3.258096538,2,NA,NA,NA,1.371180723,0.693147181,4.094344562,NA,NA,NA,NA,0,1.791759469,1,2,3.101352168,NA,NA,NA
Perognathus alticolus,NA,3.177637077,NA,4.324265098,NA,NA,NA,NA,NA,NA,NA,NA,NA,NA,NA,NA,NA,NA,NA,NA,NA,NA,NA,NA,NA,NA,NA,NA,NA,NA
Perognathus amplus,NA,2.48240352,NA,NA,NA,NA,NA,NA,NA,NA,NA,NA,NA,NA,NA,NA,NA,NA,NA,NA,NA,NA,NA,NA,NA,NA,NA,NA,NA,NA
Perognathus fasciatus,1,2.423917378,NA,4.23902194,NA,NA,NA,NA,3,NA,3.394508394,2,NA,NA,NA,1.701105101,0,NA,NA,NA,NA,NA,NA,NA,1,1,NA,NA,NA,NA
Perognathus inornatus,1,2.318458442,NA,4.279855472,NA,NA,NA,NA,2,NA,NA,2,NA,NA,NA,1.386294361,0.693147181,NA,NA,NA,NA,NA,NA,NA,1,2,NA,NA,NA,NA
Perognathus longimembris,1,2.088153482,NA,NA,2.674148649,NA,2.532108251,2.104134154,1,NA,3.124125488,NA,NA,NA,NA,1.492904096,0,4.601162165,0.223143551,NA,NA,2.198087435,NA,NA,NA,1,2.652862695,1.386294361,NA,NA
Perognathus merriami,1,1.937301775,NA,4.072439727,NA,NA,NA,NA,3,NA,NA,2,NA,NA,NA,1.430311247,NA,3.401197382,NA,NA,NA,NA,NA,NA,1,2,NA,NA,NA,NA
Perognathus parvus,2,3.070839746,NA,4.401461547,NA,NA,NA,NA,3,NA,3.157000421,2,NA,NA,NA,1.581038438,0.693147181,3.871201011,0.405465108,NA,NA,2.415153604,0,NA,1,2,2.758924176,NA,NA,NA
Chaetodipus arenarius,NA,3.135494216,NA,4.224934132,NA,NA,NA,NA,NA,NA,NA,NA,NA,NA,NA,1.068153081,NA,NA,NA,NA,NA,NA,NA,NA,NA,NA,NA,NA,NA,NA
Chaetodipus artus,NA,NA,NA,4.486499256,NA,NA,NA,NA,1,NA,NA,NA,NA,NA,NA,NA,NA,NA,NA,NA,NA,NA,NA,NA,NA,1,NA,NA,NA,NA
Chaetodipus baileyi,NA,3.347796605,NA,4.542549824,NA,NA,3.63758616,3.370738174,2,NA,NA,NA,NA,NA,NA,1.302912752,NA,NA,NA,NA,NA,NA,NA,NA,NA,2,NA,NA,NA,NA
Chaetodipus californicus,NA,3.135928904,NA,NA,2.708050201,NA,3.065724645,3.091042453,NA,NA,3.225255432,NA,NA,NA,NA,1.386294361,NA,NA,0.405465108,NA,NA,NA,NA,NA,NA,NA,2.84386698,2.302585093,NA,NA
Chaetodipus eremicus,NA,NA,NA,NA,NA,NA,NA,NA,NA,NA,NA,NA,NA,NA,NA,NA,NA,NA,NA,NA,NA,NA,NA,NA,NA,NA,NA,NA,NA,NA
Chaetodipus fallax,NA,2.95438931,NA,4.423048609,NA,NA,3.407841924,2.990719732,3,NA,3.218875825,1,NA,NA,NA,1.238374231,0,4.601162165,NA,NA,NA,2.264705785,0,NA,1,1,NA,NA,NA,NA
Chaetodipus formosus,NA,2.996731774,NA,5.267394134,NA,NA,NA,NA,NA,NA,3.33220451,NA,NA,NA,NA,1.663926098,0,4.094344562,0,NA,NA,2.435930209,NA,NA,NA,NA,2.758924176,2.079441542,NA,NA
Chaetodipus goldmani,NA,NA,NA,NA,NA,NA,NA,NA,NA,NA,NA,NA,NA,NA,NA,NA,NA,NA,NA,NA,NA,NA,NA,NA,NA,NA,NA,NA,NA,NA
Chaetodipus hispidus,NA,3.617383452,NA,4.649282761,NA,NA,3.879706404,3.621670704,1,NA,NA,2,NA,NA,NA,1.675225653,0.693147181,NA,NA,NA,NA,NA,0,NA,1,1,3.113434583,NA,NA,NA
Chaetodipus intermedius,NA,2.70404218,NA,NA,NA,NA,2.748552144,2.681021529,NA,NA,NA,NA,NA,NA,NA,1.710187816,NA,NA,NA,NA,NA,NA,NA,NA,NA,NA,NA,NA,NA,NA
Chaetodipus lineatus,1,3.135494216,NA,4.29837325,NA,NA,NA,NA,1,NA,NA,2,NA,NA,NA,NA,NA,NA,NA,NA,NA,NA,NA,NA,1,1,NA,NA,NA,NA
Chaetodipus nelsoni,1,2.742773637,NA,4.379899374,NA,NA,NA,NA,3,NA,3.421979921,2,NA,NA,NA,1.241268589,NA,NA,NA,NA,NA,NA,NA,NA,1,2,NA,NA,NA,NA
Chaetodipus penicillatus,NA,2.745345986,NA,4.348469851,2.63905733,NA,3.109060959,2.772588722,NA,NA,3.258096538,NA,NA,NA,NA,1.223775432,NA,NA,NA,NA,NA,NA,NA,NA,NA,NA,NA,NA,NA,NA
Chaetodipus pernix,NA,2.833213344,NA,4.274858931,NA,NA,NA,NA,1,NA,NA,NA,NA,NA,NA,NA,NA,NA,NA,NA,NA,NA,NA,NA,NA,1,NA,NA,NA,NA
Chaetodipus rudinoris,NA,NA,NA,NA,NA,NA,NA,NA,NA,NA,NA,NA,NA,NA,NA,NA,NA,NA,NA,NA,NA,NA,NA,NA,NA,NA,NA,NA,NA,NA
Chaetodipus spinatus,NA,2.793616089,NA,4.426760966,NA,NA,NA,NA,NA,NA,NA,NA,NA,NA,NA,1.252762968,NA,NA,NA,NA,NA,NA,NA,NA,NA,NA,NA,NA,NA,NA
Heteromys anomalus,1,4.234975692,NA,NA,3.044522438,NA,4.609958703,4.238444906,3,NA,NA,1,NA,NA,NA,1.040276712,NA,NA,1.190887565,NA,NA,NA,0,NA,1,2,NA,NA,NA,NA
Heteromys australis,1,5.589082182,NA,NA,NA,NA,NA,NA,2,NA,NA,1,NA,NA,NA,1.011600912,NA,NA,NA,NA,NA,NA,0,NA,1,1,NA,NA,NA,NA
Heteromys desmarestianus,1,4.304065093,NA,NA,2.944438979,NA,4.595018835,4.328098293,2,NA,3.327191968,1,NA,NA,NA,1.118414916,1.178654996,NA,1.098612289,NA,NA,2.339153741,0,NA,1,1,3.099271421,NA,NA,NA
Heteromys gaumeri,NA,4.152456225,NA,4.747970985,NA,NA,NA,NA,2,NA,NA,1,NA,NA,NA,1.08180517,NA,NA,NA,NA,NA,NA,NA,NA,1,1,NA,NA,NA,NA
Heteromys oresterus,NA,4.314817885,NA,4.700843936,NA,NA,NA,NA,2,NA,NA,1,NA,NA,NA,1.226712291,NA,NA,NA,NA,NA,NA,NA,NA,1,1,NA,NA,NA,NA
Liomys adspersus,NA,3.931629535,NA,4.825269107,NA,NA,NA,NA,NA,NA,NA,1,NA,NA,NA,1.16315081,0.364643114,3.044522438,NA,NA,NA,2.304053745,NA,NA,1,NA,NA,NA,NA,NA
Liomys irroratus,NA,3.890799369,NA,4.749703337,NA,NA,3.986573737,3.873282177,NA,NA,NA,1,NA,NA,NA,1.439835128,NA,NA,NA,NA,NA,NA,NA,NA,1,NA,NA,NA,NA,NA
Liomys pictus,1,3.767690635,NA,4.73733815,2.944438979,NA,NA,NA,1,NA,3.225255432,1,NA,NA,NA,1.300191662,NA,NA,0.916290732,NA,NA,2.170373401,0,NA,1,1,2.958693117,3.113515309,NA,NA
Liomys salvini,NA,3.737431495,NA,4.681853411,2.63905733,NA,3.878879787,3.795489189,3,NA,3.320710131,1,NA,NA,NA,1.305626458,0.500775288,NA,0.641853886,NA,NA,NA,NA,NA,1,2,2.916591381,NA,NA,NA
Liomys spectabilis,NA,4.17438727,NA,NA,NA,NA,NA,NA,NA,NA,NA,1,NA,NA,NA,NA,NA,NA,NA,NA,NA,NA,NA,NA,1,NA,NA,NA,NA,NA
Napaeozapus insignis,1,3.102342009,NA,4.496805161,3.258096538,NA,3.678829118,3.091042453,5,NA,3.123685638,2,NA,NA,NA,1.504077397,0.223143551,3.871201011,-0.072570693,3.401197382,NA,2.458133242,NA,2.079441542,1,2,3.27075475,2.186051277,NA,NA
Zapus hudsonius,NA,2.913979772,NA,4.453067408,3.218875825,4.108083088,3.80666249,3.401197382,3,NA,2.903616985,2,NA,NA,NA,1.678963975,0.693147181,4.094344562,-0.248461359,NA,NA,2.031018318,0,NA,1,2,2.924017738,NA,NA,NA
Zapus princeps,NA,3.303216973,NA,4.543932877,NA,NA,NA,NA,3,NA,2.896464272,NA,NA,NA,NA,1.617406082,0,NA,NA,NA,NA,NA,NA,NA,NA,2,3.073728736,NA,NA,NA
Zapus trinotatus,2,3.312366168,NA,4.581901559,NA,NA,NA,NA,3,NA,3.061988069,NA,NA,NA,NA,1.699278616,0,NA,-0.223143551,NA,NA,NA,NA,2.079441542,NA,2,3.113434583,NA,NA,NA
Microtus guatemalensis,NA,3.737431495,NA,NA,NA,NA,NA,NA,NA,NA,NA,NA,NA,NA,NA,NA,NA,NA,NA,NA,NA,NA,NA,NA,NA,NA,NA,NA,NA,NA
Microtus californicus,NA,4.050392675,NA,4.933034048,2.302585093,NA,4.222444565,3.784189634,NA,NA,3.05305734,NA,NA,NA,NA,1.483874689,1.609437912,NA,1.187843422,NA,NA,1.780479054,NA,NA,NA,NA,2.589305181,2.938632682,NA,NA
Microtus canicaudus,NA,3.398861322,NA,4.708538719,NA,NA,4.354398468,3.414442608,NA,NA,3.134189017,2,NA,NA,NA,1.530394705,NA,NA,0.88376754,NA,NA,1.766647238,NA,NA,1,NA,2.620741394,2.454447442,NA,NA
Microtus chrotorrhinus,3,3.663305203,NA,4.677490848,NA,NA,NA,NA,1,NA,2.995732274,2,NA,NA,NA,1.2753628,0.693147181,NA,NA,NA,NA,NA,NA,2.079441542,1,1,NA,NA,NA,NA
Microtus longicaudus,1,3.802208139,NA,4.78256295,NA,NA,4.274162989,3.407841924,4,NA,NA,NA,NA,NA,NA,1.553925203,0.641853886,NA,NA,NA,NA,NA,NA,1.791759469,NA,1,NA,NA,NA,NA
Microtus mexicanus,NA,3.551913599,NA,4.71160013,NA,NA,3.84887019,3.360375387,NA,NA,NA,NA,NA,NA,NA,0.845868268,NA,NA,NA,NA,NA,NA,NA,NA,NA,NA,NA,NA,NA,NA
Microtus miurus,NA,3.713572067,NA,4.782144136,NA,NA,NA,NA,NA,NA,3.044522438,NA,NA,NA,4.582575695,1.358409158,NA,NA,1.022450928,NA,NA,NA,NA,NA,NA,NA,NA,NA,NA,NA
Microtus montanus,2,3.757705645,NA,4.821651594,NA,NA,4.40207433,3.42751469,NA,NA,3.050693832,NA,NA,NA,4.716990566,1.711994501,1.560247668,NA,1.358409158,NA,NA,1.79311721,NA,NA,NA,NA,2.466212074,2.233235015,NA,NA
Microtus oaxacensis,NA,3.597860056,NA,4.796203683,NA,NA,NA,NA,NA,NA,NA,NA,NA,NA,NA,0.182321557,NA,NA,NA,NA,NA,NA,NA,1.791759469,NA,NA,NA,NA,NA,NA
Microtus ochrogaster,1,3.749504076,NA,4.802954903,2.1102132,NA,4.412434591,3.858622229,4,NA,3.068052935,2,NA,NA,5.099019514,1.353254507,1.403642999,NA,1.078409581,3.48093235,NA,1.894408308,1.011600912,1.791759469,1,2,2.758924176,2.717340248,NA,NA
Microtus oeconomus,2,3.499533282,NA,4.753934959,2.197224577,3.737669618,4.611748501,3.517497837,NA,NA,3.068517943,NA,NA,NA,4.811444689,1.726331664,1.252762968,3.072693315,0.850150929,NA,NA,1.950268322,NA,NA,NA,NA,2.714417617,2.747270914,NA,NA
Microtus oregoni,NA,3.013080912,NA,4.597339607,2.376764491,NA,NA,NA,2,NA,3.170945291,2,NA,NA,6.224949799,1.199964783,1.568615918,2.708050201,0.524728529,NA,NA,1.879654876,NA,NA,1,1,2.404966567,NA,NA,NA
Microtus pennsylvanicus,2,3.750209709,NA,4.770091228,2.079441542,3.80666249,4.65937424,4.062165664,5,NA,3.055886196,NA,NA,NA,4.603259715,1.640936579,0.993251773,2.397895273,0.875468737,NA,NA,1.859456296,NA,NA,NA,2,2.346501509,2.575661013,NA,NA
Microtus pinetorum,2,3.25617161,NA,4.595624773,2.351375257,NA,4.024100909,3.198673118,5,NA,3.177637077,2,NA,NA,5.103920062,0.904218151,0.916290732,3.514526067,0.88376754,NA,NA,2.077278322,NA,1.386294361,1,1,2.718032025,2.256541154,NA,NA
Microtus quasiater,NA,3.688879454,NA,NA,NA,NA,NA,NA,NA,NA,NA,NA,NA,NA,NA,0.336472237,NA,NA,NA,NA,NA,NA,NA,NA,NA,NA,NA,NA,NA,NA
Microtus richardsoni,NA,4.448516376,NA,5.041229159,2.48490665,NA,4.85288927,4.185098925,2,NA,3.104138147,2,NA,NA,NA,1.780024213,0.693147181,2.890371758,1.701105101,NA,NA,NA,NA,2.079441542,1,1,NA,NA,NA,NA
Microtus townsendii,2,3.95162826,NA,4.927398602,NA,NA,4.504354881,3.955082495,2,NA,3.144152279,3,NA,NA,NA,1.621366483,NA,NA,NA,NA,NA,1.984312425,NA,NA,1,1,2.490094135,NA,NA,NA
Microtus umbrosus,NA,3.737431495,NA,4.773984259,NA,NA,NA,NA,NA,NA,NA,NA,NA,NA,NA,NA,NA,NA,NA,NA,NA,NA,NA,1.386294361,NA,NA,NA,NA,NA,NA
Microtus xanthognathus,NA,4.528828953,NA,5.052161041,NA,NA,4.591476859,4.226833745,3,NA,NA,NA,NA,NA,NA,2.091864062,0.693147181,NA,1.249901736,NA,NA,NA,NA,NA,NA,1,3.121323677,NA,NA,NA
Arborimus albipes,NA,3.135494216,NA,4.641694961,NA,NA,NA,NA,3,NA,NA,2,NA,NA,NA,1.004301609,NA,NA,NA,NA,NA,NA,NA,1.609437912,2,1,NA,NA,NA,NA
Arborimus longicaudus,1,3.108614431,NA,4.641694961,2.990719732,NA,4.075161743,3.08190997,1,NA,3.336125385,2,NA,NA,NA,1.068153081,NA,NA,0.91228271,NA,NA,NA,0,NA,2,1,3.124058383,3.044522438,NA,NA
Arborimus pomo,1,3.48093235,NA,4.595725727,3.034952987,NA,NA,NA,1,NA,3.475995592,2,NA,NA,NA,0.693147181,NA,NA,0.871293366,NA,NA,NA,NA,1.386294361,2,1,3.280075846,NA,NA,NA
Dicrostonyx groenlandicus,NA,4.068000587,NA,4.764905244,2.602689685,4.119037175,4.578928875,4.051784948,NA,NA,3.036874217,NA,NA,NA,4.949747468,1.32972401,0.693147181,NA,1.486139696,3.555062306,NA,1.911416048,NA,NA,NA,NA,2.592284821,3.126760536,NA,NA
Dicrostonyx hudsonius,NA,4.043051268,NA,NA,NA,NA,NA,NA,NA,NA,2.995732274,NA,NA,NA,NA,1.249901736,0.405465108,NA,NA,NA,NA,NA,NA,NA,NA,NA,NA,NA,NA,NA
Dicrostonyx richardsoni,NA,NA,NA,NA,NA,NA,NA,NA,NA,NA,NA,NA,NA,NA,NA,NA,NA,NA,NA,NA,NA,NA,NA,NA,NA,NA,NA,NA,NA,NA
Lemmiscus curtatus,2,3.341801172,NA,4.631617356,2.463853241,NA,3.91780625,3.411147713,4,NA,3.225255432,2,NA,NA,NA,1.631199404,NA,NA,0.385262401,3.295836866,NA,2.025987382,NA,1.386294361,1,1,2.758924176,NA,NA,NA
Lemmus trimucronatus,NA,4.245920502,NA,NA,NA,NA,NA,NA,NA,NA,3.033509638,NA,NA,NA,NA,1.925707442,NA,NA,NA,NA,NA,NA,NA,NA,NA,NA,NA,NA,NA,NA
Myodes californicus,NA,2.90690106,NA,4.591780949,NA,NA,4.112839145,2.90690106,NA,NA,2.890371758,NA,NA,NA,NA,1.131402111,1.348073148,NA,NA,NA,NA,NA,NA,NA,NA,NA,NA,NA,NA,NA
Myodes gapperi,1,2.987195943,NA,4.616406818,2.602689685,NA,4.002229273,3.120159852,6,NA,2.890371758,NA,NA,NA,4.123105626,1.680827909,0.875468737,2.995732274,0.39877612,3.401197382,NA,2.132471602,0,NA,NA,2,3.136983323,2.338917022,NA,NA
Myodes rutilus,NA,2.992727765,NA,4.691989878,2.351375257,NA,4.141069102,3.068052935,4,NA,3.17722015,NA,NA,NA,4.527692569,1.722766598,1.435084525,NA,0.587786665,NA,NA,NA,NA,NA,NA,2,NA,NA,NA,NA
Neofiber alleni,1,5.581162761,NA,5.29576411,2.708050201,NA,5.37897527,5.553347107,3,NA,3.341447377,2,NA,NA,NA,0.845868268,1.504077397,NA,2.233235015,NA,NA,2.135945384,0,NA,1,1,2.755416322,NA,NA,NA
Ondatra zibethicus,2,6.899027301,NA,5.62282546,2.674148649,5.899897354,6.734912655,6.972887374,5,NA,3.327191968,3,NA,NA,5.477225575,1.87946505,0.887891257,4.787491743,3.090587805,NA,NA,2.299743993,NA,1.791759469,1,2,3.030793941,5.035002651,NA,NA
Phenacomys intermedius,2,3.226843995,NA,4.679070994,2.564949357,3.891820298,4.209011637,3.068052935,4,NA,3.109953418,NA,NA,NA,NA,1.539015448,1.098612289,NA,0.783901544,NA,NA,1.92077571,NA,2.079441542,NA,1,3.13901439,NA,NA,NA
Phenacomys ungava,NA,3.295836866,NA,NA,2.63905733,NA,NA,NA,NA,NA,3.104138147,NA,NA,NA,NA,1.568615918,NA,NA,0.871293366,NA,NA,1.859456296,NA,NA,NA,NA,2.613929188,NA,NA,NA
Synaptomys borealis,NA,3.058707073,NA,NA,NA,NA,NA,NA,NA,NA,NA,NA,NA,NA,NA,1.451613827,NA,NA,NA,NA,NA,NA,NA,NA,NA,NA,NA,NA,NA,NA
Synaptomys cooperi,NA,3.332561589,NA,4.658710953,2.420368129,NA,NA,NA,4,NA,3.148453361,NA,NA,NA,NA,1.128171091,1.011600912,3.401197382,1.147402453,NA,NA,NA,NA,NA,NA,1,2.732840813,2.995732274,NA,NA
Baiomys musculus,2,2.196112848,NA,4.325323999,NA,NA,NA,NA,4,NA,NA,2,NA,NA,NA,0.963174318,NA,NA,0.506817602,NA,NA,NA,NA,NA,1,1,NA,NA,NA,NA
Baiomys taylori,2,2.005525859,NA,4.157319361,2.593013391,4.40060302,2.837908188,1.967112357,4,NA,3.090587805,NA,NA,NA,4.795831523,0.924258902,2.302585093,3.666633845,0.139761942,NA,NA,2.055393287,NA,NA,NA,1,2.731501185,NA,NA,NA
Habromys lophurus,NA,3.688879454,NA,NA,NA,NA,NA,NA,NA,NA,NA,NA,NA,NA,NA,NA,NA,NA,NA,NA,NA,NA,NA,NA,NA,NA,NA,NA,NA,NA
Habromys simulatus,NA,3.688879454,NA,NA,NA,NA,NA,NA,NA,NA,NA,NA,NA,NA,NA,NA,NA,NA,NA,NA,NA,NA,NA,NA,NA,NA,NA,NA,NA,NA
Reithrodontomys brevirostris,1,2.557227311,NA,4.280547466,NA,NA,NA,NA,NA,NA,NA,2,NA,NA,NA,1.223775432,NA,NA,NA,NA,NA,NA,0,NA,2,NA,NA,NA,NA,NA
Reithrodontomys burti,1,2.995732274,NA,NA,NA,NA,NA,NA,NA,NA,NA,2,NA,NA,NA,NA,NA,NA,NA,NA,NA,NA,0,NA,2,NA,NA,NA,NA,NA
Reithrodontomys chrysopsis,1,2.944438979,NA,NA,NA,NA,NA,NA,NA,NA,NA,2,NA,NA,NA,1.223775432,NA,NA,NA,NA,NA,NA,0,NA,2,NA,NA,NA,NA,NA
Reithrodontomys creper,1,3.126760536,NA,4.496805161,NA,NA,NA,NA,NA,NA,NA,2,NA,NA,NA,0.792992516,NA,NA,NA,NA,NA,NA,0,NA,2,NA,NA,NA,NA,NA
Reithrodontomys darienensis,1,2.564179831,NA,NA,NA,NA,NA,NA,NA,NA,NA,2,NA,NA,NA,1.355835154,NA,NA,NA,NA,NA,NA,0,NA,2,NA,NA,NA,NA,NA
Reithrodontomys fulvescens,1,2.446685437,NA,4.204543355,2.351375257,NA,NA,NA,3,NA,NA,2,NA,NA,NA,1.324418957,NA,NA,0.104360015,NA,NA,NA,0.405465108,1.791759469,2,2,2.435131383,1.17557333,NA,NA
Reithrodontomys gracilis,1,2.52332576,NA,4.287578583,NA,NA,NA,NA,NA,NA,NA,2,NA,NA,NA,1.134622726,NA,NA,NA,NA,NA,NA,0,NA,2,NA,NA,NA,NA,NA
Reithrodontomys hirsutus,1,2.995732274,NA,NA,NA,NA,NA,NA,NA,NA,NA,2,NA,NA,NA,1.355835154,NA,NA,NA,NA,NA,NA,0,NA,2,NA,NA,NA,NA,NA
Reithrodontomys humulis,1,2.1102132,NA,4.17438727,2.302585093,NA,NA,NA,3,NA,3.056827373,2,NA,NA,5.835237784,1.095273387,NA,3.29175447,0.067658648,NA,NA,1.949064983,0,NA,2,2,2.755416322,NA,NA,NA
Reithrodontomys megalotis,1,2.372111156,NA,4.243051882,2.374905755,4.127134385,3.113515309,2.197224577,NA,NA,3.157000421,2,NA,NA,5.253570215,1.430311247,1.504077397,2.890371758,0.3074847,NA,NA,2.114624977,0,1.791759469,2,NA,2.714417617,NA,NA,NA
Reithrodontomys mexicanus,1,2.754297452,NA,NA,NA,NA,NA,NA,NA,NA,NA,2,NA,NA,NA,1.068153081,NA,NA,NA,NA,NA,NA,0,NA,2,NA,NA,NA,NA,NA
Reithrodontomys microdon,1,2.995732274,NA,NA,NA,NA,NA,NA,NA,NA,NA,2,NA,NA,NA,NA,NA,NA,NA,NA,NA,NA,0,NA,2,NA,NA,NA,NA,NA
Reithrodontomys montanus,1,2.388762789,NA,NA,2.079441542,4.430816799,NA,NA,3,NA,3.044522438,2,NA,NA,NA,1.371180723,NA,NA,-0.010050336,NA,NA,2.031018318,0,1.791759469,2,2,2.410142264,1.686398954,NA,NA
Reithrodontomys rodriguezi,1,NA,NA,NA,NA,NA,NA,NA,NA,NA,NA,2,NA,NA,NA,NA,NA,NA,NA,NA,NA,NA,0,NA,2,NA,NA,NA,NA,NA
Reithrodontomys sumichrasti,1,2.944438979,NA,NA,NA,NA,NA,NA,NA,NA,NA,2,NA,NA,NA,1.249901736,NA,NA,NA,NA,NA,NA,0,NA,2,NA,NA,NA,NA,NA
Reithrodontomys tenuirostris,1,2.995732274,NA,4.474263916,NA,NA,NA,NA,NA,NA,NA,2,NA,NA,NA,NA,NA,NA,NA,NA,NA,NA,0,NA,2,NA,NA,NA,NA,NA
Reithrodontomys zacatecae,1,NA,NA,NA,NA,NA,NA,NA,NA,NA,NA,2,NA,NA,NA,NA,NA,NA,NA,NA,NA,NA,0,NA,2,NA,NA,NA,NA,NA
Hodomys alleni,NA,5.906968187,NA,5.407889003,NA,NA,NA,NA,NA,NA,NA,2,NA,NA,NA,0.329303747,NA,NA,NA,NA,NA,NA,NA,NA,1,NA,NA,NA,NA,NA
Isthmomys flavidus,NA,NA,NA,NA,NA,NA,NA,NA,3,NA,NA,1,NA,NA,NA,NA,NA,NA,NA,NA,NA,NA,NA,NA,1,1,NA,NA,NA,NA
Isthmomys pirrensis,NA,4.925150025,NA,NA,NA,NA,4.798678932,4.926528785,3,NA,NA,1,NA,NA,NA,0.887891257,NA,NA,NA,NA,NA,NA,NA,NA,1,2,NA,NA,NA,NA
Megadontomys nelsoni,NA,NA,NA,NA,NA,NA,NA,NA,NA,NA,NA,NA,NA,NA,NA,NA,NA,NA,NA,NA,NA,NA,NA,NA,NA,NA,NA,NA,NA,NA
Nelsonia goldmani,NA,NA,NA,NA,NA,NA,NA,NA,NA,NA,NA,NA,NA,NA,NA,NA,NA,NA,NA,NA,NA,NA,NA,NA,NA,NA,NA,NA,NA,NA
Nelsonia neotomodon,NA,4.382026635,NA,NA,NA,NA,NA,NA,NA,NA,NA,NA,NA,NA,NA,NA,NA,NA,NA,NA,NA,NA,NA,NA,NA,NA,NA,NA,NA,NA
Neotoma albigula,1,5.33840309,NA,5.167468088,2.687847494,NA,4.901564199,5.209486153,2,NA,3.610917913,1,NA,NA,7,0.760805829,0.693147181,4.526126979,2.416806237,NA,NA,2.131849675,0,NA,1,1,3.223652864,4.637637376,NA,NA
Neotoma angustapalata,NA,5.288267031,NA,NA,NA,NA,NA,NA,NA,NA,NA,NA,NA,NA,NA,NA,NA,NA,NA,NA,NA,NA,NA,NA,NA,NA,NA,NA,NA,NA
Neotoma chrysomelas,NA,NA,NA,NA,NA,NA,NA,NA,NA,NA,NA,NA,NA,NA,NA,-0.030459207,NA,NA,NA,NA,NA,NA,NA,NA,NA,NA,NA,NA,NA,NA
Neotoma cinerea,1,5.655607121,NA,5.342142846,2.674148649,NA,5.127469732,5.323497665,3,NA,3.390810289,NA,NA,NA,5.477225575,1.238374231,0.405465108,NA,2.667228207,NA,NA,2.502678218,1.386294361,NA,NA,1,2.975730113,4.536462988,NA,NA
Neotoma devia,NA,5.298317367,NA,NA,NA,NA,NA,NA,NA,NA,NA,NA,NA,NA,NA,NA,NA,NA,NA,NA,NA,NA,NA,NA,NA,NA,NA,NA,NA,NA
Neotoma floridana,1,5.51809526,NA,5.359741669,2.833213344,NA,NA,NA,3,NA,3.550766152,NA,NA,NA,9.110433579,1.134622726,0.916290732,3.583518938,2.641910399,4.189654742,NA,2.273093717,0,NA,NA,1,3.341502187,3.826465117,NA,NA
Neotoma fuscipes,NA,5.362512079,NA,5.334552859,2.63905733,NA,5.000854282,5.230306156,NA,NA,3.502851035,NA,NA,NA,NA,1.026041596,0.559615788,NA,2.576421759,NA,NA,NA,0,NA,NA,NA,3.018039457,NA,NA,NA
Neotoma goldmani,NA,5.288267031,NA,4.976457842,NA,NA,NA,NA,NA,NA,NA,NA,NA,NA,NA,0.254642218,NA,NA,NA,NA,NA,NA,NA,NA,NA,NA,NA,NA,NA,NA
Neotoma lepida,1,4.968979619,NA,5.09821873,2.568788134,NA,4.507447097,4.780802755,1,NA,3.496204485,2,NA,NA,7.745966692,0.993251773,1.252762968,NA,2.23644529,NA,NA,2.13296783,NA,NA,2,1,3.215291396,3.553632305,NA,NA
Neotoma leucodon,NA,NA,NA,NA,NA,NA,NA,NA,NA,NA,NA,NA,NA,NA,NA,NA,NA,NA,NA,NA,NA,NA,NA,NA,NA,NA,NA,NA,NA,NA
Neotoma macrotis,NA,5.419383895,NA,NA,NA,NA,NA,NA,NA,NA,NA,NA,NA,NA,NA,NA,NA,NA,NA,NA,NA,NA,NA,NA,NA,NA,NA,NA,NA,NA
Neotoma magister,NA,6.102558595,NA,NA,2.995732274,NA,NA,NA,NA,NA,3.5094537,NA,NA,NA,NA,0.693147181,NA,NA,2.708050201,NA,NA,NA,NA,NA,NA,NA,2.954880364,NA,NA,NA
Neotoma mexicana,1,5.313205979,NA,5.21564203,NA,NA,NA,NA,5,NA,3.502851035,NA,NA,NA,NA,0.951657876,0.693147181,NA,2.341805806,NA,NA,2.022706121,NA,NA,NA,1,NA,NA,NA,NA
Neotoma micropus,2,5.541812414,NA,5.359788689,2.602689685,NA,NA,NA,5,5.206750173,3.526360525,NA,NA,NA,NA,0.916290732,0.693147181,3.295836866,2.459588842,NA,NA,2.269703942,NA,NA,NA,1,3.101352168,NA,NA,NA
Neotoma palatina,NA,5.288267031,NA,NA,NA,NA,NA,NA,NA,NA,NA,NA,NA,NA,NA,NA,NA,NA,NA,NA,NA,NA,NA,NA,NA,NA,NA,NA,NA,NA
Neotoma phenax,NA,5.427106281,NA,5.278114659,NA,NA,NA,NA,2,NA,NA,NA,NA,NA,NA,0.693147181,NA,NA,NA,NA,NA,NA,NA,NA,NA,1,NA,NA,NA,NA
Neotoma stephensi,NA,5.005421727,NA,5.081404365,2.564949357,NA,NA,NA,3,NA,3.454738149,NA,NA,NA,11.40175425,0.058268908,0.641853886,NA,2.360854001,NA,NA,2.404529375,NA,NA,NA,2,3.320170311,3.555062306,NA,NA
Neotomodon alstoni,1,3.798630318,NA,4.746322466,2.944438979,NA,NA,NA,NA,NA,3.306520335,2,NA,NA,NA,1.16315081,0.916290732,NA,1.223775432,3.36729583,NA,2.160871328,NA,NA,1,NA,NA,NA,NA,NA
Ochrotomys nuttalli,2,3.127199036,NA,4.523743187,2.553343811,NA,3.299533728,2.970414466,3,NA,3.370738174,2,NA,NA,5.08920426,0.963174318,NA,3.401197382,0.993251773,NA,NA,NA,1.32175584,1.791759469,2,2,2.751899514,2.525728644,NA,NA
Onychomys arenicola,NA,3.401197382,NA,NA,NA,NA,NA,NA,NA,NA,NA,NA,NA,NA,NA,NA,NA,NA,NA,NA,NA,NA,NA,NA,NA,NA,NA,NA,NA,NA
Onychomys leucogaster,1,3.329343278,NA,4.639185065,2.957511061,5.051969158,NA,NA,4,NA,3.454106037,2,NA,NA,5.61248608,1.345472367,1.335001067,4.094344562,0.832909123,NA,NA,2.163201893,NA,1.791759469,1,2,2.836428758,2.57261223,NA,NA
Onychomys torridus,1,3.076390177,NA,4.551769409,2.740840024,4.801230269,3.387774361,2.949688335,1,NA,3.345332249,2,NA,NA,5.449770637,1.193922468,0.916290732,4.010962953,0.845868268,NA,NA,2.006416898,0.693147181,NA,1,3,2.708069139,2.218115936,NA,NA
Osgoodomys banderanus,NA,3.911822985,NA,NA,NA,NA,NA,NA,NA,NA,NA,2,NA,NA,NA,0.518793793,NA,NA,NA,NA,NA,NA,NA,NA,2,NA,NA,NA,NA,NA
Peromyscus attwateri,1,3.328626689,NA,NA,NA,NA,NA,NA,5,NA,NA,NA,NA,NA,NA,1.261297871,NA,2.890371758,NA,NA,NA,NA,NA,NA,NA,2,NA,NA,NA,NA
Peromyscus aztecus,1,3.526360525,NA,4.718498871,NA,NA,NA,NA,2,NA,NA,NA,NA,NA,NA,1.249901736,NA,NA,NA,NA,NA,NA,NA,NA,NA,1,NA,NA,NA,NA
Peromyscus beatae,NA,NA,NA,NA,NA,NA,NA,NA,NA,NA,NA,NA,NA,NA,NA,NA,NA,NA,NA,NA,NA,NA,NA,NA,NA,NA,NA,NA,NA,NA
Peromyscus boylii,1,3.173878459,NA,NA,NA,NA,3.994155835,3.144152279,NA,NA,3.148453361,NA,NA,NA,NA,1.156881197,NA,2.890371758,0.783901544,NA,NA,2.009289668,NA,NA,NA,NA,NA,NA,NA,NA
Peromyscus californicus,1,3.753730426,NA,4.753590191,2.602689685,NA,3.90620612,3.867025639,6,NA,3.494991261,NA,NA,NA,4.898979486,0.662687973,1.474763009,NA,1.460937904,NA,NA,1.977883466,NA,NA,NA,2,3.101352168,2.868466923,NA,NA
Peromyscus crinitus,1,2.79239135,NA,4.416911037,2.772588722,NA,3.332918541,2.983153491,4,NA,3.231989464,NA,NA,NA,5.099019514,1.124929597,0.717839793,NA,0.783901544,NA,NA,2.06527295,0,1.386294361,NA,2,2.880889,2.645465326,NA,NA
Peromyscus difficilis,1,3.3304172,NA,NA,NA,NA,NA,NA,NA,NA,NA,NA,NA,NA,NA,1.355835154,NA,NA,NA,NA,NA,NA,NA,NA,NA,NA,2.958693117,NA,NA,NA
Peromyscus eremicus,1,3.123685638,NA,4.515245478,2.602689685,NA,3.388112142,3.068052935,6,NA,3.308716529,2,NA,NA,6.204836823,0.924258902,1.098612289,NA,0.920282753,NA,NA,1.997568398,0,1.386294361,2,2,2.753659041,NA,NA,NA
Peromyscus eva,1,3.090587805,NA,NA,NA,NA,NA,NA,NA,NA,NA,NA,NA,NA,NA,NA,NA,NA,NA,NA,NA,NA,NA,NA,NA,NA,NA,NA,NA,NA
Peromyscus fraterculus,NA,NA,NA,NA,NA,NA,NA,NA,NA,NA,NA,NA,NA,NA,NA,NA,NA,NA,NA,NA,NA,NA,NA,NA,NA,NA,NA,NA,NA,NA
Peromyscus furvus,1,3.496204485,NA,NA,NA,NA,NA,NA,NA,NA,NA,NA,NA,NA,NA,0.662687973,NA,NA,NA,NA,NA,NA,NA,NA,NA,NA,NA,NA,NA,NA
Peromyscus gossypinus,1,3.320710131,NA,4.590158066,2.602689685,NA,3.610377226,3.068052935,1,NA,3.135494216,2,NA,NA,NA,1.30833282,1.386294361,2.740840024,0.783901544,NA,NA,1.975749864,NA,NA,2,3,2.815980054,NA,NA,NA
Peromyscus grandis,1,4.262679877,NA,NA,NA,NA,NA,NA,NA,NA,NA,NA,NA,NA,NA,0.887891257,NA,NA,NA,NA,NA,NA,NA,NA,NA,NA,NA,NA,NA,NA
Peromyscus gratus,1,3.308716529,NA,NA,NA,NA,NA,NA,NA,NA,NA,NA,NA,NA,NA,NA,NA,NA,NA,NA,NA,NA,NA,NA,NA,NA,NA,NA,NA,NA
Peromyscus guardia,1,NA,NA,NA,NA,NA,NA,NA,NA,NA,NA,NA,NA,NA,NA,NA,NA,NA,NA,NA,NA,NA,NA,NA,NA,NA,NA,NA,NA,NA
Peromyscus guatemalensis,1,3.688879454,NA,NA,NA,NA,NA,NA,NA,NA,NA,NA,NA,NA,NA,0.662687973,NA,NA,NA,NA,NA,NA,NA,NA,NA,NA,NA,NA,NA,NA
Peromyscus gymnotis,1,3.688879454,NA,NA,NA,NA,NA,NA,NA,NA,NA,NA,NA,NA,NA,NA,NA,NA,NA,NA,NA,NA,NA,NA,NA,NA,NA,NA,NA,NA
Peromyscus hooperi,1,3.583241122,NA,NA,NA,NA,NA,NA,NA,NA,3.511545439,NA,NA,NA,NA,1.128171091,NA,NA,0.963174318,NA,NA,2.087978258,NA,NA,NA,NA,2.830200305,2.309560707,NA,NA
Peromyscus keeni,1,3.341093458,NA,4.537854479,NA,NA,3.843530009,3.342861805,NA,NA,NA,NA,NA,NA,NA,1.790091412,0.693147181,NA,NA,NA,NA,NA,NA,NA,NA,NA,NA,NA,NA,NA
Peromyscus leucopus,1,2.894253105,NA,4.547647,2.564949357,4.667675391,3.523709956,3.063390922,6,3.668676747,3.142858338,3,NA,NA,5.157518783,1.451613827,1.504077397,3.63758616,0.587786665,NA,1.014701639,1.95191964,NA,1.386294361,2,2,2.780217708,2.190535589,NA,NA
Peromyscus levipes,1,NA,NA,NA,NA,NA,NA,NA,NA,NA,NA,NA,NA,NA,NA,NA,NA,NA,NA,NA,NA,NA,NA,NA,NA,NA,NA,NA,NA,NA
Peromyscus maniculatus,1,2.994731773,NA,4.561740628,2.720637317,4.462684538,3.596215769,2.954910279,4,NA,3.283914221,2,NA,NA,5.209606511,1.560247668,0.955511445,NA,0.548121409,NA,1.014701639,1.967801346,NA,NA,2,2,2.822689786,2.174751721,NA,NA
Peromyscus megalops,1,4.192680463,NA,NA,3.126760536,NA,4.507447097,4.192680463,NA,NA,NA,NA,NA,NA,NA,0.693147181,NA,NA,1.358409158,NA,NA,1.998123217,NA,NA,NA,NA,2.801614715,NA,NA,NA
Peromyscus melanocarpus,1,4.075841091,NA,4.829273277,3.086486637,NA,NA,NA,NA,NA,3.414113607,NA,NA,NA,5.792236183,0.802001585,NA,NA,1.504077397,NA,NA,2.125013652,NA,1.386294361,NA,NA,2.954880364,NA,NA,NA
Peromyscus melanophrys,1,3.688879454,NA,NA,NA,NA,NA,NA,NA,NA,3.206803244,NA,NA,NA,NA,1.068153081,NA,NA,NA,NA,NA,NA,NA,NA,NA,NA,2.962496068,NA,NA,NA
Peromyscus melanotis,1,3.678576561,NA,NA,NA,NA,NA,NA,NA,NA,3.219275745,NA,NA,NA,5.154609588,1.305626458,2.014903021,NA,0.506817602,NA,NA,NA,NA,NA,NA,NA,NA,NA,NA,NA
Peromyscus melanurus,1,3.688879454,NA,NA,NA,NA,NA,NA,NA,NA,NA,NA,NA,NA,NA,1.011600912,NA,NA,NA,NA,NA,NA,NA,NA,NA,NA,NA,NA,NA,NA
Peromyscus merriami,1,3.688879454,NA,NA,NA,NA,NA,NA,NA,NA,NA,NA,NA,NA,NA,1.223775432,NA,NA,NA,NA,NA,NA,NA,NA,NA,NA,NA,NA,NA,NA
Peromyscus mexicanus,1,3.751384659,NA,4.827673532,2.847812143,NA,NA,NA,2,NA,3.407510744,1,NA,NA,5.770615219,0.940007258,2.00148,NA,1.467874348,NA,NA,1.99274844,NA,NA,1,1,3.148794365,NA,NA,NA
Peromyscus nasutus,1,NA,NA,NA,NA,NA,NA,NA,NA,NA,NA,NA,NA,NA,NA,NA,NA,NA,NA,NA,NA,NA,NA,NA,NA,NA,NA,NA,NA,NA
Peromyscus ochraventer,1,3.688879454,NA,NA,NA,NA,NA,NA,NA,NA,NA,NA,NA,NA,NA,1.581038438,NA,NA,NA,NA,NA,NA,NA,NA,NA,NA,NA,NA,NA,NA
Peromyscus pectoralis,1,3.663305203,NA,NA,NA,NA,NA,NA,1,NA,3.135494216,2,NA,NA,NA,1.355835154,0,NA,NA,NA,NA,NA,NA,NA,2,1,NA,NA,NA,NA
Peromyscus perfulvus,1,3.688879454,NA,NA,NA,NA,NA,NA,NA,NA,3.766765993,2,NA,NA,NA,1.026041596,NA,NA,1.004301609,NA,NA,NA,NA,NA,2,NA,2.918157968,NA,NA,NA
Peromyscus polionotus,1,2.658159431,NA,NA,2.628285233,NA,3.06712227,2.48490665,NA,NA,3.169685581,NA,NA,NA,4.924428901,1.278152203,0.693147181,NA,0.431782416,NA,NA,1.844052736,NA,NA,NA,NA,2.894082265,1.780024213,NA,NA
Peromyscus simulus,1,3.688879454,NA,4.597138014,NA,NA,NA,NA,NA,NA,NA,NA,NA,NA,NA,NA,NA,NA,NA,NA,NA,NA,NA,NA,NA,NA,NA,NA,NA,NA
Peromyscus spicilegus,1,3.583241122,NA,4.631714741,NA,NA,NA,NA,NA,NA,NA,NA,NA,NA,NA,NA,NA,NA,NA,NA,NA,NA,NA,NA,NA,NA,NA,NA,NA,NA
Peromyscus stirtoni,1,3.373826185,NA,4.622911867,NA,NA,NA,NA,NA,NA,NA,NA,NA,NA,NA,0.867100488,NA,NA,NA,NA,NA,NA,NA,NA,NA,NA,NA,NA,NA,NA
Peromyscus truei,1,3.295836866,NA,NA,2.917770732,NA,3.785325352,3.496507561,2,NA,3.477232068,NA,NA,NA,6.32455532,1.249901736,1.098612289,NA,0.837247525,NA,NA,1.936120465,NA,NA,NA,2,3.184035066,NA,NA,NA
Peromyscus winkelmanni,1,3.688879454,NA,NA,NA,NA,NA,NA,NA,NA,NA,NA,NA,NA,NA,NA,NA,NA,NA,NA,NA,NA,NA,NA,NA,NA,NA,NA,NA,NA
Peromyscus yucatanicus,1,3.300640127,NA,4.61204649,2.86105737,NA,NA,NA,NA,NA,3.42751469,NA,NA,NA,5.244044241,1.098612289,NA,NA,0.916290732,NA,NA,1.974572806,NA,NA,NA,NA,NA,2.57261223,NA,NA
Peromyscus zarhynchus,1,3.688879454,NA,4.941642423,NA,NA,NA,NA,NA,NA,NA,NA,NA,NA,NA,0.662687973,NA,NA,NA,NA,NA,NA,NA,NA,NA,NA,NA,NA,NA,NA
Podomys floridanus,1,3.425564738,NA,4.636475036,2.803360381,NA,3.946231177,3.42751469,4,NA,NA,2,NA,NA,5.744562647,0.955511445,NA,4.477336814,0.871293366,NA,NA,1.92297665,NA,NA,1,2,2.916591381,2.525728644,NA,NA
Scotinomys teguina,NA,2.450142657,NA,NA,2.587764035,NA,3.440418095,2.48490665,2,NA,3.440418095,1,NA,NA,5.563272418,0.90016135,NA,NA,0.104360015,NA,NA,1.91384224,NA,NA,1,2,2.758924176,NA,NA,NA
Scotinomys xerampelinus,NA,2.712706013,NA,NA,2.879198457,NA,3.463232773,2.721295428,NA,NA,3.51244056,NA,NA,NA,5.753259945,1.124929597,NA,NA,0.104360015,NA,NA,2.020254482,NA,NA,NA,NA,2.904392867,NA,NA,NA
Xenomys nelsoni,NA,4.867457524,NA,NA,NA,NA,NA,NA,NA,NA,NA,2,NA,NA,NA,0.470003629,NA,NA,1.60743591,NA,NA,NA,NA,NA,2,NA,NA,NA,NA,NA
Melanomys caliginosus,NA,3.713572067,NA,NA,NA,NA,NA,NA,NA,NA,NA,NA,NA,NA,NA,0.371563556,NA,NA,NA,NA,NA,NA,NA,NA,NA,NA,NA,NA,NA,NA
Ichthyomys tweedii,1,4.774912961,NA,NA,NA,NA,NA,NA,2,NA,NA,2,NA,NA,NA,0.662687973,NA,NA,NA,NA,NA,NA,NA,NA,1,3,NA,NA,NA,NA
Necromys urichi,2,3.803100598,NA,NA,NA,NA,NA,NA,4,NA,NA,1,NA,NA,NA,1.644805056,1.280933845,NA,NA,NA,NA,2.105599951,NA,NA,1,2,NA,NA,NA,NA
Nectomys palmipes,1,NA,NA,NA,NA,NA,NA,NA,NA,NA,NA,1,NA,NA,NA,NA,NA,NA,NA,NA,NA,NA,NA,NA,1,NA,NA,NA,NA,NA
Oecomys bicolor,1,3.707210411,NA,NA,NA,NA,NA,NA,2,NA,NA,1,NA,NA,NA,1.147402453,NA,NA,NA,NA,NA,2.128484588,0,NA,2,1,NA,NA,NA,NA
Oecomys speciosus,NA,4.295923936,NA,NA,NA,NA,NA,NA,NA,NA,NA,NA,NA,NA,NA,NA,NA,NA,NA,NA,NA,NA,NA,NA,NA,NA,NA,NA,NA,NA
Oecomys trinitatis,NA,4.295923936,NA,NA,NA,NA,NA,NA,NA,NA,NA,1,NA,NA,NA,NA,NA,NA,NA,NA,NA,NA,NA,NA,2,NA,NA,NA,NA,NA
Oligoryzomys fulvescens,1,3.218875825,NA,NA,NA,NA,NA,NA,NA,NA,NA,1,NA,NA,NA,1.291983682,NA,NA,NA,NA,NA,NA,0,NA,1,NA,NA,NA,NA,NA
Oligoryzomys vegetus,NA,NA,NA,NA,NA,NA,NA,NA,NA,NA,NA,NA,NA,NA,NA,NA,NA,NA,NA,NA,NA,NA,NA,NA,NA,NA,NA,NA,NA,NA
Oryzomys couesi,NA,4.238300596,NA,NA,NA,NA,NA,NA,NA,NA,NA,NA,NA,NA,NA,1.289232648,NA,NA,NA,NA,NA,NA,NA,NA,NA,NA,NA,NA,NA,NA
Oryzomys dimidiatus,NA,NA,NA,NA,NA,NA,NA,NA,NA,NA,NA,NA,NA,NA,NA,NA,NA,NA,NA,NA,NA,NA,NA,NA,NA,NA,NA,NA,NA,NA
Oryzomys palustris,1,3.97518558,NA,4.894101478,2.1690537,NA,NA,NA,5,NA,3.208421367,2,NA,NA,NA,1.406096988,NA,3.349904087,1.249901736,NA,NA,1.977478628,NA,2.772588722,1,2,2.253246343,3.090587805,NA,NA
Rheomys raptor,NA,3.63758616,NA,NA,NA,NA,NA,NA,NA,NA,NA,2,NA,NA,NA,-0.030459207,NA,NA,NA,NA,NA,NA,NA,NA,1,NA,NA,NA,NA,NA
Rheomys thomasi,NA,3.688879454,NA,NA,NA,NA,NA,NA,2,NA,NA,2,NA,NA,NA,-0.030459207,NA,NA,NA,NA,NA,NA,NA,NA,1,3,NA,NA,NA,NA
Rheomys underwoodi,NA,NA,NA,NA,NA,NA,NA,NA,1,NA,NA,2,NA,NA,NA,NA,NA,NA,NA,NA,NA,NA,NA,NA,1,3,NA,NA,NA,NA
Rhipidomys couesi,1,4.48863637,NA,NA,NA,NA,NA,NA,NA,NA,NA,1,NA,NA,NA,NA,NA,NA,NA,NA,NA,NA,0,NA,2,NA,NA,NA,NA,NA
Rhipidomys latimanus,1,4.051784948,NA,NA,NA,NA,NA,NA,4,NA,NA,1,NA,NA,NA,NA,NA,NA,NA,NA,NA,NA,NA,NA,2,2,NA,NA,NA,NA
Sigmodon alleni,NA,5.159572407,NA,5.135974892,NA,4.465908119,5.314436748,4.925803359,NA,NA,3.597312261,NA,NA,NA,NA,NA,NA,NA,NA,NA,NA,NA,NA,NA,NA,NA,NA,NA,NA,NA
Sigmodon arizonae,NA,5.288267031,NA,NA,NA,NA,NA,NA,NA,NA,NA,NA,NA,NA,NA,NA,NA,NA,NA,NA,NA,NA,NA,NA,NA,NA,NA,NA,NA,NA
Sigmodon fulviventer,NA,5.27780849,NA,5.194899407,NA,4.343805422,5.334552859,4.925803359,NA,NA,3.597312261,1,NA,NA,NA,2.014903021,NA,NA,NA,NA,NA,NA,NA,NA,1,NA,NA,NA,NA,NA
Sigmodon hispidus,2,4.706372066,NA,5.120983351,0.058268908,4.17438727,5.07292128,4.700934808,5,NA,3.295836866,NA,NA,NA,NA,1.693779061,0.693147181,4.133565275,1.887069649,NA,NA,1.978842036,0,2.302585093,NA,2,2.482004103,2.901421594,NA,NA
Sigmodon leucotis,NA,4.881133865,NA,5.057836896,NA,NA,5.228270368,4.856706812,NA,NA,3.555062306,1,NA,NA,NA,NA,NA,NA,NA,NA,NA,NA,NA,NA,1,NA,NA,NA,NA,NA
Sigmodon mascotensis,NA,4.787491743,NA,NA,NA,NA,NA,NA,NA,NA,NA,NA,NA,NA,NA,NA,NA,NA,NA,NA,NA,NA,NA,NA,NA,NA,NA,NA,NA,NA
Sigmodon ochrognathus,NA,4.804021045,NA,5.01820656,0,4.262679877,5.038444995,4.745801316,NA,NA,3.543564623,NA,NA,NA,NA,1.098612289,NA,NA,1.713797928,NA,NA,1.982982025,NA,NA,NA,NA,2.466212074,NA,NA,NA
Sigmodontomys alfari,NA,NA,NA,NA,NA,NA,NA,NA,NA,NA,NA,NA,NA,NA,NA,NA,NA,NA,NA,NA,NA,NA,NA,NA,NA,NA,NA,NA,NA,NA
Zygodontomys brevicauda,1,3.955465563,NA,NA,NA,NA,NA,NA,3,NA,3.234355396,1,NA,NA,5,1.442201993,1.704748092,NA,1.264126727,NA,NA,1.937515084,NA,NA,1,2,2.644786236,3.090587805,NA,NA
Nyctomys sumichrasti,1,4.094177882,NA,NA,2.847812143,NA,NA,NA,6,NA,3.525772116,1,NA,NA,6.164414003,0.693147181,2.148267733,4.133565275,1.465567542,3.943715452,NA,NA,0,NA,2,1,2.918157968,NA,NA,NA
Otonyctomys hatti,NA,3.589059119,NA,NA,NA,NA,NA,NA,NA,NA,NA,NA,NA,NA,NA,NA,NA,NA,NA,NA,NA,NA,NA,NA,NA,NA,NA,NA,NA,NA
Ototylomys phyllotis,1,4.465218226,NA,5.027426857,1.791759469,NA,NA,NA,3,NA,3.965374181,3,NA,NA,NA,0.78845736,NA,NA,2.321406847,4.242764567,NA,1.827187047,0,1.386294361,2,1,4.076045123,NA,NA,NA
Tylomys nudicaudus,3,5.202081759,NA,NA,2.397895273,NA,NA,NA,NA,NA,3.676553804,1,NA,NA,6.244997998,0.904218151,1.710187816,4.171305603,2.990719732,4.434381865,NA,2.150666151,NA,NA,NA,NA,2.973469778,3.688879454,NA,NA
Tylomys panamensis,NA,NA,NA,NA,NA,NA,NA,NA,NA,NA,NA,NA,NA,NA,NA,NA,NA,NA,NA,NA,NA,NA,NA,NA,NA,NA,NA,NA,NA,NA
Tylomys watsoni,NA,NA,NA,NA,NA,NA,NA,NA,NA,NA,NA,NA,NA,NA,NA,1.068153081,NA,NA,NA,NA,NA,NA,NA,NA,NA,NA,NA,NA,NA,NA
Makalata didelphoides,1,5.988108923,NA,NA,NA,NA,NA,NA,NA,NA,NA,1,NA,NA,NA,0,NA,3.616308761,NA,NA,NA,NA,NA,NA,2,NA,NA,NA,NA,NA
Proechimys trinitatus,NA,NA,NA,NA,NA,NA,NA,NA,NA,NA,NA,NA,NA,NA,NA,NA,NA,NA,NA,NA,NA,NA,NA,NA,NA,NA,NA,NA,NA,NA
Coendou prehensilis,1,8.322685687,NA,6.14761323,0,NA,6.822633026,8.095598701,5,NA,5.302010538,1,NA,NA,18.83666637,-0.020202707,NA,5.335613151,6.018106478,NA,NA,2.53921696,0,NA,2,1,4.112237875,NA,NA,NA
Coendou rothschildi,1,7.60090246,NA,NA,NA,NA,NA,NA,2,NA,NA,1,NA,NA,NA,NA,NA,NA,NA,NA,NA,NA,NA,NA,2,1,NA,NA,NA,NA
Sphiggurus mexicanus,1,7.60090246,NA,NA,NA,NA,NA,NA,2,NA,NA,1,NA,NA,NA,-0.020202707,NA,NA,NA,NA,NA,NA,0.693147181,2.48490665,2,1,NA,NA,NA,NA
Dasyprocta leporina,3,8.009692035,NA,6.349645856,0,NA,7.351453433,7.896180609,3,NA,4.667111588,1,NA,NA,NA,0.336472237,NA,5.364105107,NA,NA,NA,NA,NA,NA,1,1,5.192494102,NA,NA,NA
Dasyprocta mexicana,3,8.517191191,NA,NA,0,NA,NA,NA,3,NA,NA,1,NA,NA,NA,NA,NA,NA,NA,NA,NA,NA,NA,NA,1,1,5.192494102,NA,NA,NA
Dasyprocta punctata,3,7.744621779,NA,NA,0,NA,NA,NA,3,NA,4.678885224,2,NA,NA,11.26942767,0.223143551,NA,4.787491743,NA,NA,NA,NA,0,NA,1,1,5.192494102,NA,NA,NA
Cuniculus paca,1,9.008536257,NA,6.472439026,0,NA,7.918191877,9.122164681,5,NA,4.755657019,2,NA,NA,13.82027496,0.009950331,0.559615788,5.257495372,6.514371892,NA,NA,2.411547707,0,2.079441542,1,1,4.357686678,NA,NA,NA
Capromys pilorides,NA,8.556413905,NA,NA,NA,NA,6.405063155,7.874739125,3,NA,4.828313737,1,NA,NA,NA,0.693147181,NA,4.912654886,5.29576411,NA,NA,2.398213737,NA,1.386294361,2,2,3.475750748,NA,NA,NA
Geocapromys brownii,1,7.311538974,NA,5.935264497,0,5.899897354,NA,NA,4,NA,4.787491743,2,NA,NA,12.9614814,0.548121409,0.693147181,4.601162165,NA,NA,NA,NA,1.945910149,NA,2,1,1.29465259,NA,NA,NA
Mesocapromys nanus,NA,NA,NA,NA,NA,NA,NA,NA,3,NA,NA,1,NA,NA,NA,0,NA,NA,NA,NA,NA,NA,NA,1.386294361,2,2,NA,NA,NA,NA
Mysateles prehensilis,NA,NA,NA,NA,NA,NA,NA,NA,3,NA,NA,1,NA,NA,NA,0.693147181,NA,NA,NA,NA,NA,NA,NA,NA,2,2,NA,NA,NA,NA
Plagiodontia aedium,1,7.145874139,NA,5.703782475,NA,NA,NA,NA,3,NA,4.916324615,1,NA,NA,NA,0.131028262,NA,4.777441407,4.661172376,NA,NA,NA,NA,NA,1,1,NA,NA,NA,NA
Ochotona collaris,3,4.859812404,NA,5.233458794,NA,5.899897354,NA,NA,2,NA,NA,1,NA,NA,NA,1.208960346,0.693147181,4.276666119,NA,NA,NA,2.434193508,NA,NA,1,1,NA,NA,NA,NA
Ochotona princeps,3,5.060250515,NA,5.247024072,1.945910149,NA,5.116615618,4.691347882,2,NA,3.415757533,1,NA,NA,5.514526272,1.057790294,0.693147181,4.430816799,2.397895273,NA,0,2.434193508,NA,NA,1,1,2.979489725,4.482889551,NA,NA
Brachylagus idahoensis,2,6.066548828,NA,5.580107113,NA,NA,NA,NA,2,NA,3.663305203,2,NA,NA,6.244997998,1.759580571,0.693147181,NA,NA,4.276666119,NA,2.3520888,NA,NA,1,1,NA,NA,NA,NA
Lepus alleni,2,8.276394705,NA,6.302600661,NA,NA,7.488573275,8.086410275,2,NA,3.737431495,NA,1.229114291,1.363604825,NA,0.672944473,1.252762968,NA,5.204006687,4.932457513,NA,NA,NA,NA,NA,1,NA,8.006367568,NA,NA
Lepus americanus,1,7.357824022,NA,6.050888448,0,5.899897354,7.131090812,7.354234363,3,NA,3.599228232,NA,NA,NA,6.08276253,1.264126727,0.916290732,4.564348191,4.217151991,5.035002651,NA,2.313357114,NA,NA,NA,1,2.843042432,6.088818092,NA,NA
Lepus arcticus,1,8.392248825,NA,6.349121509,NA,NA,NA,NA,3,NA,3.951051392,NA,0.902975533,0.866842597,NA,1.726331664,0.405465108,4.430816799,NA,NA,NA,2.435930209,0.693147181,NA,NA,1,NA,NA,NA,NA
Lepus californicus,1,7.792547088,NA,6.173786104,NA,NA,7.178545484,7.740664402,2,NA,3.732178379,1,NA,NA,NA,0.985816795,1.398716881,4.401829262,4.441827388,4.941642423,NA,2.360597415,NA,1.791759469,1,1,2.707614536,7.516835833,NA,NA
Lepus callotis,1,7.866400271,NA,6.192342039,NA,NA,NA,NA,1,NA,NA,NA,NA,NA,NA,0.90825856,1.098612289,NA,NA,NA,NA,NA,0.693147181,NA,NA,1,NA,NA,NA,NA
Lepus othus,NA,8.484122329,NA,6.354578715,NA,NA,NA,NA,2,NA,3.828423982,NA,NA,NA,NA,1.816452082,0,NA,4.629472479,5.049856007,NA,NA,NA,NA,NA,1,3.659056761,NA,NA,NA
Lepus townsendii,1,8.123154552,NA,6.240256352,NA,NA,7.317544359,7.870929597,2,NA,3.706964922,NA,NA,NA,NA,1.501852702,1.190887565,4.564348191,4.499698553,NA,NA,2.374626869,0,NA,NA,1,3.080417664,6.602574324,NA,NA
Sylvilagus aquaticus,NA,7.665444106,NA,6.125886168,0.916290732,NA,NA,NA,2,NA,3.617383452,1,NA,NA,NA,1.098612289,1.078409581,NA,4.019980147,NA,NA,2.245340152,NA,2.079441542,1,1,2.753659041,NA,NA,NA
Sylvilagus audubonii,NA,6.780921408,NA,5.784563371,NA,NA,6.081602282,6.510853402,2,NA,3.33220451,1,NA,NA,NA,1.098612289,NA,NA,3.536893097,4.382026635,NA,2.123100882,NA,NA,1,1,2.904392867,NA,NA,NA
Sylvilagus bachmani,1,6.571624984,NA,5.716303755,NA,NA,NA,NA,3,NA,3.295836866,2,NA,NA,5.431390246,1.208960346,1.504077397,NA,3.305053521,NA,NA,NA,NA,2.079441542,1,1,2.533937221,NA,NA,NA
Sylvilagus brasiliensis,2,6.89440658,NA,5.895201413,NA,NA,NA,NA,1,NA,3.749504076,1,NA,NA,NA,0.641853886,1.547562509,NA,NA,NA,NA,2.14404673,0,1.791759469,1,1,2.973846739,NA,NA,NA
Sylvilagus cunicularius,2,7.819853233,NA,6.077596371,NA,NA,NA,NA,2,NA,3.401197382,1,NA,NA,NA,1.311031877,NA,NA,NA,NA,NA,NA,NA,NA,1,1,NA,NA,NA,NA
Sylvilagus dicei,NA,NA,NA,5.925538397,NA,NA,NA,NA,2,NA,3.414771502,1,NA,NA,NA,1.504077397,NA,4.682131227,NA,NA,0,NA,NA,NA,1,1,3.152152723,NA,NA,NA
Sylvilagus floridanus,2,7.096050624,NA,5.916202063,NA,NA,NA,NA,2,NA,3.295836866,1,NA,NA,5.518151865,1.530394705,1.570697084,4.682131227,3.530762586,4.726591041,NA,2.159608919,NA,2.079441542,1,1,2.834770513,4.718498871,NA,NA
Sylvilagus nuttallii,NA,6.686534877,NA,5.782162262,NA,NA,NA,NA,1,NA,3.340739413,2,NA,NA,NA,1.566530411,1.252762968,NA,NA,NA,NA,2.150666151,NA,NA,2,1,3.150138568,NA,NA,NA
Sylvilagus palustris,1,7.211726461,NA,5.995954452,NA,NA,NA,NA,2,NA,3.510350696,1,NA,NA,NA,1.085189268,1.791759469,NA,NA,NA,NA,2.278806014,NA,2.079441542,1,1,NA,NA,NA,NA
Sylvilagus robustus,NA,NA,NA,5.976858395,NA,NA,NA,NA,NA,NA,NA,NA,NA,NA,NA,NA,NA,NA,NA,NA,NA,NA,NA,NA,NA,NA,NA,NA,NA,NA
Sylvilagus transitionalis,2,6.701358219,NA,5.894375286,NA,NA,NA,NA,3,NA,3.33220451,1,NA,NA,NA,1.483874689,NA,NA,NA,NA,NA,NA,NA,NA,1,1,2.517214525,NA,NA,NA
Solenodon cubanus,2,6.714922674,NA,5.857504491,NA,NA,NA,NA,2,NA,NA,3,NA,NA,NA,0.405465108,1.098612289,4.356708827,NA,NA,0.957230762,NA,0,0.693147181,2,3,NA,NA,NA,NA
Solenodon paradoxus,2,6.802383652,NA,5.723585102,NA,NA,NA,NA,2,6.054040206,4.171305603,3,NA,NA,NA,0.494696242,0.693147181,4.912654886,4.499698553,NA,0.832554611,2.592033697,0,0.693147181,2,3,4.211720851,NA,NA,NA
Sorex fumeus,2,2.05796251,NA,4.277637869,NA,NA,NA,NA,3,NA,3.044522438,1,NA,NA,NA,1.702928256,0.693147181,2.740840024,NA,NA,NA,2.391140707,NA,NA,1,2,NA,1.386294361,NA,NA
Sorex alaskanus,NA,2.63905733,NA,NA,NA,NA,NA,NA,NA,NA,NA,2,NA,NA,NA,NA,NA,NA,NA,NA,NA,NA,NA,NA,1,NA,NA,NA,NA,NA
Sorex arcticus,2,2.102913898,NA,4.318287794,NA,NA,NA,NA,1,NA,2.833213344,NA,NA,NA,NA,1.900613874,0.641853886,2.890371758,NA,NA,0,2.408695957,NA,NA,NA,3,NA,NA,NA,NA
Sorex arizonae,NA,0.993251773,NA,4.060098123,NA,NA,NA,NA,NA,NA,NA,NA,NA,NA,NA,NA,0,NA,NA,NA,NA,NA,NA,NA,NA,NA,NA,NA,NA,NA
Sorex bairdi,NA,2.119863456,NA,NA,NA,NA,NA,NA,NA,NA,NA,NA,NA,NA,NA,NA,NA,NA,NA,NA,NA,NA,NA,NA,NA,NA,NA,NA,NA,NA
Sorex bendirii,NA,2.757475084,NA,4.45423101,NA,NA,NA,NA,1,NA,NA,3,NA,NA,NA,NA,NA,NA,NA,NA,NA,NA,NA,1.791759469,2,3,NA,NA,NA,NA
Sorex cinereus,2,1.435084525,NA,4.046553898,2.876385516,NA,3.797733859,1.609437912,2,NA,2.896464272,NA,NA,NA,NA,1.870262531,NA,3.135494216,-1.272965676,NA,0,2.234778484,NA,1.791759469,NA,3,2.708977887,1.249901736,NA,NA
Sorex dispar,NA,1.60743591,NA,4.144562278,NA,NA,NA,NA,1,NA,NA,2,NA,NA,NA,1.430311247,NA,NA,NA,NA,NA,NA,NA,NA,1,3,NA,NA,NA,NA
Sorex emarginatus,NA,1.945910149,NA,NA,NA,NA,NA,NA,NA,NA,NA,NA,NA,NA,NA,NA,NA,NA,NA,NA,NA,NA,NA,NA,NA,NA,NA,NA,NA,NA
Sorex haydeni,NA,NA,NA,NA,NA,NA,NA,NA,NA,NA,3.020424886,NA,NA,NA,NA,1.945910149,NA,NA,NA,NA,NA,NA,NA,NA,NA,NA,NA,NA,NA,NA
Sorex hoyi,2,1.214912744,NA,3.988798844,NA,NA,NA,NA,1,NA,NA,1,NA,NA,NA,1.764730797,0,NA,NA,NA,NA,NA,NA,2.079441542,1,3,NA,NA,NA,NA
Sorex jacksoni,NA,1.793424749,NA,4.153242203,NA,NA,NA,NA,NA,NA,NA,NA,NA,NA,NA,NA,NA,NA,NA,NA,NA,NA,NA,NA,NA,NA,NA,NA,NA,NA
Sorex longirostris,2,1.190887565,NA,3.93456697,NA,NA,NA,NA,2,NA,NA,1,NA,NA,NA,1.383791231,0.693147181,NA,NA,NA,NA,2.189362494,NA,NA,1,2,NA,NA,NA,NA
Sorex lyelli,NA,1.60743591,NA,NA,NA,NA,NA,NA,NA,NA,NA,NA,NA,NA,NA,NA,NA,NA,NA,NA,NA,NA,NA,NA,NA,NA,NA,NA,NA,NA
Sorex macrodon,NA,2.152924318,NA,NA,NA,NA,NA,NA,NA,NA,NA,NA,NA,NA,NA,NA,NA,NA,NA,NA,NA,NA,NA,NA,NA,NA,NA,NA,NA,NA
Sorex merriami,NA,1.790091412,NA,4.094511215,NA,NA,NA,NA,1,NA,NA,2,NA,NA,NA,1.790091412,NA,NA,NA,NA,NA,NA,NA,1.791759469,1,3,NA,NA,NA,NA
Sorex milleri,NA,1.403642999,NA,NA,NA,NA,NA,NA,NA,NA,NA,NA,NA,NA,NA,NA,NA,NA,NA,NA,NA,NA,NA,NA,NA,NA,NA,NA,NA,NA
Sorex monticolus,NA,1.93441577,NA,NA,NA,NA,NA,NA,2,NA,NA,1,NA,NA,NA,1.74745921,1.098612289,2.772588722,NA,NA,0,NA,NA,NA,1,2,2.753659041,NA,NA,NA
Sorex nanus,NA,0.943905899,NA,3.951243719,NA,NA,NA,NA,NA,NA,NA,NA,NA,NA,NA,1.870262531,NA,NA,NA,NA,NA,NA,NA,1.791759469,NA,NA,NA,NA,NA,NA
Sorex neomexicanus,NA,NA,NA,NA,NA,NA,NA,NA,NA,NA,NA,NA,NA,NA,NA,NA,NA,NA,NA,NA,NA,NA,NA,NA,NA,NA,NA,NA,NA,NA
Sorex oreopolus,NA,1.945910149,NA,NA,NA,NA,NA,NA,NA,NA,NA,NA,NA,NA,NA,NA,NA,NA,NA,NA,NA,NA,NA,NA,NA,NA,NA,NA,NA,NA
Sorex ornatus,3,1.669591835,NA,3.911822985,NA,NA,3.956613889,2.272125886,NA,NA,NA,NA,NA,NA,NA,1.60743591,0,2.833213344,-0.693147181,NA,0.832554611,NA,NA,NA,NA,NA,NA,NA,NA,NA
Sorex pacificus,1,2.357073278,NA,4.251348311,NA,NA,NA,NA,3,NA,NA,NA,NA,NA,NA,1.432700734,NA,NA,NA,NA,NA,NA,NA,NA,NA,2,NA,NA,NA,NA
Sorex palustris,2,2.570319528,NA,4.315753276,NA,NA,NA,NA,4,NA,3.044522438,2,NA,NA,NA,1.69744879,0.916290732,2.890371758,NA,NA,0,2.190268715,NA,1.791759469,1,2,NA,NA,NA,NA
Sorex preblei,NA,1.1442228,NA,3.970291914,NA,NA,NA,NA,NA,NA,NA,1,NA,NA,NA,NA,NA,NA,NA,NA,NA,NA,NA,NA,1,NA,NA,NA,NA,NA
Sorex saussurei,NA,1.53686722,NA,NA,NA,NA,NA,NA,NA,NA,NA,NA,NA,NA,NA,NA,NA,NA,NA,NA,NA,NA,NA,NA,NA,NA,NA,NA,NA,NA
Sorex sonomae,NA,2.116255515,NA,NA,NA,NA,NA,NA,NA,NA,NA,NA,NA,NA,NA,NA,NA,NA,NA,NA,NA,NA,NA,NA,NA,NA,NA,NA,NA,NA
Sorex tenellus,NA,1.335001067,NA,3.951243719,NA,NA,NA,NA,NA,NA,NA,NA,NA,NA,NA,NA,NA,NA,NA,NA,NA,NA,NA,NA,NA,NA,NA,NA,NA,NA
Sorex trowbridgii,2,1.613429934,NA,4.158726821,NA,NA,NA,NA,3,NA,NA,1,NA,NA,NA,1.363537374,0.693147181,2.890371758,NA,NA,NA,NA,NA,1.791759469,1,2,NA,NA,NA,NA
Sorex tundrensis,NA,2.034705648,NA,4.222297927,NA,NA,NA,NA,2,NA,NA,NA,NA,NA,NA,2.163323026,NA,NA,NA,NA,NA,NA,NA,NA,NA,2,NA,NA,NA,NA
Sorex ugyunak,NA,NA,NA,NA,NA,NA,NA,NA,NA,NA,NA,NA,NA,NA,NA,NA,NA,NA,NA,NA,NA,NA,NA,NA,NA,NA,NA,NA,NA,NA
Sorex vagrans,2,1.790091412,NA,4.166820251,2.756840365,NA,NA,NA,3,NA,3.00221124,NA,NA,NA,NA,1.764730797,0.405465108,3.218875825,-0.891598119,NA,0,2.456409811,NA,1.791759469,NA,2,2.794803286,1.702928256,NA,NA
Sorex ventralis,NA,1.945910149,NA,NA,NA,NA,NA,NA,NA,NA,NA,NA,NA,NA,NA,NA,NA,NA,NA,NA,NA,NA,NA,NA,NA,NA,NA,NA,NA,NA
Sorex veraepacis,NA,2.014903021,NA,NA,NA,NA,NA,NA,NA,NA,NA,NA,NA,NA,NA,NA,NA,NA,NA,NA,NA,NA,NA,NA,NA,NA,NA,NA,NA,NA
Blarina brevicauda,1,2.921008727,NA,4.794301835,2.917770732,4.158883083,4.083620599,3.015534901,6,NA,3.02431973,2,NA,NA,NA,1.684545385,1.098612289,3.496507561,-0.116533816,NA,0,2.06527295,NA,1.791759469,1,2,2.798213146,NA,NA,NA
Blarina carolinensis,NA,2.477378383,NA,4.293195421,NA,NA,NA,NA,2,NA,NA,2,NA,NA,NA,1.373715579,NA,NA,NA,NA,NA,NA,NA,NA,1,2,NA,NA,NA,NA
Blarina hylophaga,NA,2.673458756,NA,NA,NA,NA,NA,NA,NA,NA,NA,2,NA,NA,NA,NA,NA,NA,NA,NA,NA,NA,NA,NA,1,NA,NA,NA,NA,NA
Cryptotis alticola,NA,NA,NA,NA,NA,NA,NA,NA,NA,NA,NA,NA,NA,NA,NA,NA,NA,NA,NA,NA,NA,NA,NA,NA,NA,NA,NA,NA,NA,NA
Cryptotis goldmani,NA,1.906575144,NA,NA,NA,NA,NA,NA,NA,NA,NA,NA,NA,NA,NA,NA,NA,NA,NA,NA,NA,NA,NA,NA,NA,NA,NA,NA,NA,NA
Cryptotis goodwini,NA,1.945910149,NA,4.552929074,NA,NA,NA,NA,NA,NA,NA,2,NA,NA,NA,NA,NA,NA,NA,NA,NA,NA,NA,NA,1,NA,NA,NA,NA,NA
Cryptotis gracilis,NA,NA,NA,NA,NA,NA,NA,NA,NA,NA,NA,NA,NA,NA,NA,NA,NA,NA,NA,NA,NA,NA,NA,NA,NA,NA,NA,NA,NA,NA
Cryptotis magna,NA,1.945910149,NA,4.442533603,NA,NA,NA,NA,NA,NA,NA,1,NA,NA,NA,1.095273387,NA,NA,NA,NA,NA,NA,NA,NA,1,NA,NA,NA,NA,NA
Cryptotis mayensis,NA,NA,NA,NA,NA,NA,NA,NA,NA,NA,NA,NA,NA,NA,NA,NA,NA,NA,NA,NA,NA,NA,NA,NA,NA,NA,NA,NA,NA,NA
Cryptotis merriami,NA,NA,NA,NA,NA,NA,NA,NA,NA,NA,NA,NA,NA,NA,NA,NA,NA,NA,NA,NA,NA,NA,NA,NA,NA,NA,NA,NA,NA,NA
Cryptotis mexicana,NA,1.945910149,NA,4.110709916,NA,NA,NA,NA,NA,NA,NA,1,NA,NA,NA,1.095273387,NA,NA,NA,NA,NA,NA,NA,NA,1,NA,NA,NA,NA,NA
Cryptotis nigrescens,NA,2.118662255,NA,NA,NA,NA,NA,NA,NA,NA,NA,NA,NA,NA,NA,NA,NA,NA,NA,NA,NA,NA,NA,NA,NA,NA,NA,NA,NA,NA
Cryptotis obscura,NA,NA,NA,NA,NA,NA,NA,NA,NA,NA,NA,NA,NA,NA,NA,NA,NA,NA,NA,NA,NA,NA,NA,NA,NA,NA,NA,NA,NA,NA
Cryptotis parva,2,1.60341984,NA,4.219360636,2.63905733,NA,3.799078246,1.853168097,6,NA,3.090587805,1,NA,NA,NA,1.515127233,0.916290732,3.044522438,-1.049822124,2.944438979,1.645615448,1.888872978,NA,1.791759469,1,2,2.729712967,NA,NA,NA
Cryptotis peregrina,NA,NA,NA,NA,NA,NA,NA,NA,NA,NA,NA,NA,NA,NA,NA,NA,NA,NA,NA,NA,NA,NA,NA,NA,NA,NA,NA,NA,NA,NA
Cryptotis phillipsii,NA,NA,NA,NA,NA,NA,NA,NA,NA,NA,NA,NA,NA,NA,NA,NA,NA,NA,NA,NA,NA,NA,NA,NA,NA,NA,NA,NA,NA,NA
Megasorex gigas,NA,2.460443178,NA,4.49535532,NA,NA,NA,NA,NA,NA,NA,1,NA,NA,NA,NA,NA,NA,NA,NA,NA,NA,NA,NA,1,NA,NA,NA,NA,NA
Notiosorex crawfordi,2,1.566530411,NA,4.116758157,NA,NA,2.571084346,1.386294361,1,NA,NA,1,NA,NA,NA,1.305626458,NA,2.708050201,-0.198450939,3.573749147,NA,NA,NA,1.791759469,1,3,3.411380549,NA,NA,NA
Notiosorex evotis,NA,1.663926098,NA,4.197652974,NA,NA,NA,NA,NA,NA,NA,1,NA,NA,NA,NA,NA,NA,NA,NA,NA,NA,NA,NA,1,NA,NA,NA,NA,NA
Notiosorex villai,NA,NA,NA,NA,NA,NA,NA,NA,NA,NA,NA,NA,NA,NA,NA,NA,NA,NA,NA,NA,NA,NA,NA,NA,NA,NA,NA,NA,NA,NA
Condylura cristata,2,3.874321138,NA,4.750568389,NA,NA,NA,NA,2,NA,3.688879454,3,NA,NA,NA,1.684545385,0,3.583518938,0.405465108,NA,0.636761422,2.391140707,NA,2.079441542,1,3,2.751899514,NA,NA,NA
Parascalops breweri,2,3.933980173,NA,4.84458071,NA,NA,NA,NA,3,NA,3.568405301,2,NA,NA,NA,1.501852702,0,4.094344562,1.900613874,NA,0,2.398213737,NA,2.079441542,1,2,3.115496461,NA,NA,NA
Scalopus aquaticus,2,4.467630772,NA,4.829992328,NA,NA,NA,NA,4,NA,3.737431495,2,NA,NA,NA,1.358409158,0,4.309455942,1.677096561,NA,0,2.411887319,NA,1.791759469,1,2,3.113434583,NA,NA,NA
Scapanus latimanus,2,4.134526352,NA,4.958007777,NA,NA,4.334017415,4.110873864,1,NA,3.688879454,1,NA,NA,NA,1.249901736,0,3.583518938,NA,NA,0,NA,NA,NA,1,3,NA,NA,NA,NA
Scapanus orarius,2,4.129228964,NA,4.815755208,NA,NA,4.159976236,4.11414719,3,NA,3.688879454,2,NA,NA,NA,1.17557333,0,3.583518938,NA,NA,0,2.406627183,NA,NA,1,2,NA,NA,NA,NA
Scapanus townsendii,NA,NA,NA,NA,NA,NA,NA,NA,NA,NA,NA,NA,NA,NA,NA,NA,NA,NA,NA,NA,NA,NA,NA,NA,NA,NA,NA,NA,NA,NA
Neurotrichus gibbsii,2,2.257587727,NA,4.366405254,NA,NA,NA,NA,4,NA,3.057297629,2,NA,NA,NA,1.095273387,0,NA,-0.510825624,3.151025158,0.832554611,NA,NA,NA,1,2,NA,NA,NA,NA
Leopardus pardalis,2,9.382611593,NA,6.612484485,2.299580584,NA,8.211428611,9.382611593,1,6.631988602,4.406597289,1,1.274876959,1.297184788,18.99736824,0.506817602,0,5.495527536,5.521460918,NA,NA,2.553446846,NA,NA,1,3,4.73530082,NA,NA,NA
Leopardus tigrinus,NA,NA,NA,NA,NA,NA,NA,NA,NA,NA,NA,NA,NA,NA,NA,NA,NA,NA,NA,NA,NA,NA,NA,NA,NA,NA,NA,NA,NA,NA
Leopardus wiedii,2,8.09279294,NA,6.394276138,2.602689685,NA,6.822850772,8.096107718,1,NA,4.409155302,2,1.464500259,1.442459969,NA,0.405465108,NA,5.480638923,5.058917393,NA,NA,2.63793755,NA,NA,2,3,4.537141168,NA,NA,NA
Lynx canadensis,1,9.17810846,NA,6.554360663,2.63905733,NA,NA,NA,1,NA,4.135166557,1,1.849594553,1.868187247,19.10497317,1.004301609,NA,5.771441123,5.318119994,NA,NA,2.551783049,NA,NA,1,3,4.81108549,NA,NA,NA
Lynx rufus,2,8.760056229,NA,6.536416197,2.079441542,6.305362462,7.888034381,8.732304571,1,5.899897354,4.094177882,1,1.854836406,1.872794056,19.10497317,1.01523068,NA,5.96100534,5.703782475,NA,NA,2.550415155,NA,NA,1,3,3.914650136,NA,NA,NA
Puma concolor,2,10.89588896,NA,7.241602645,2.079441542,6.435412917,9.495579463,10.85514543,1,6.040230901,4.525044142,1,2.206057102,2.221156961,24.03975873,1.01523068,-0.287682072,5.480638923,6.015840036,NA,NA,2.634725759,0,NA,1,3,3.645813678,8.16051539,NA,NA
Puma yagouaroundi,2,8.835646923,NA,6.553007049,NA,NA,NA,NA,3,NA,4.317621438,1,1.989460213,1.973337954,13.50925609,0.916290732,0.693147181,4.850701256,NA,NA,NA,2.63793755,NA,NA,1,2,NA,NA,NA,NA
Panthera onca,2,11.33789447,NA,7.194151525,2.079441542,NA,9.671618545,11.36442546,1,6.459513142,4.629765233,1,1.990418322,2.014110894,19.10497317,0.672944473,NA,5.620400866,6.706006225,NA,0,2.660223476,NA,NA,1,3,5.390105337,NA,NA,NA
Vulpes macrotis,NA,8.411826009,NA,NA,NA,NA,NA,NA,NA,NA,NA,NA,1.446327785,1.459253739,NA,1.504077397,NA,5.480638923,NA,NA,NA,NA,NA,NA,NA,NA,NA,NA,NA,NA
Vulpes velox,1,7.643961949,NA,6.222159515,2.525728644,NA,7.015891938,7.643961949,1,5.010635294,3.983413002,1,1.234455355,1.304264199,19.10497317,1.446918983,NA,5.480638923,3.687378328,NA,NA,2.480594591,NA,1.791759469,1,3,3.61087248,NA,NA,NA
Vulpes vulpes,1,8.480603893,NA,6.44113791,2.63977136,NA,7.674524599,8.318742253,1,5.416100402,3.96081317,1,1.119268944,1.120542742,19.10497317,1.523880024,NA,5.192956851,4.61005822,NA,NA,2.402427765,NA,2.079441542,1,3,3.701387354,7.304838692,5.703782475,NA
Canis latrans,2,9.391753183,NA,6.771236572,2.479894108,5.899897354,8.215817792,9.254357257,1,5.541263545,4.122932019,1,1.714089601,1.729514995,19.10497317,1.743968805,NA,5.568344504,5.298367365,NA,NA,2.43337426,NA,2.079441542,1,3,3.522575164,NA,NA,NA
Canis lupus,2,10.36585271,NA,6.961296046,2.63977136,6.305362462,9.328496671,10.40728856,1,5.192956851,4.151039906,1,2.252620348,1.940159481,19.10497317,1.605429891,0.693147181,5.869296913,6.021775494,NA,NA,2.553657357,NA,2.197224577,1,3,3.552144443,NA,NA,NA
Speothos venaticus,3,8.752192584,NA,6.437319556,2.63905733,NA,NA,NA,1,NA,4.216267166,1,NA,NA,15.74611063,1.335001067,NA,4.820281566,5.059425458,NA,NA,2.417264473,NA,2.079441542,1,3,5.030480477,NA,NA,NA
Urocyon cinereoargenteus,2,8.251588282,NA,6.399758982,2.277267285,NA,NA,NA,6,5.347107531,4.118711919,1,0.777377622,0.814056493,19.10497317,1.311031877,NA,5.192956851,4.641309233,NA,NA,2.420764802,NA,1.791759469,1,2,3.995620206,NA,NA,NA
Mustela erminea,2,5.650733254,NA,5.373656723,3.55820113,NA,NA,NA,1,4.65396035,4.194943761,1,NA,NA,19.10497317,1.908059925,NA,4.445353485,0.810930216,NA,NA,2.129217407,NA,2.302585093,1,3,3.934990843,3.227637331,NA,NA
Mustela frenata,2,5.247181954,NA,5.4350748,3.579901292,NA,5.329816034,5.319981006,1,4.430816799,3.198673118,2,NA,NA,19.10497317,1.871802177,NA,4.445353485,1.128171091,NA,NA,2.302555413,NA,2.079441542,2,3,3.246900398,3.354105774,NA,NA
Mustela nigripes,1,6.810252698,NA,5.981262685,3.555348061,NA,NA,NA,1,4.787491743,3.761200116,1,NA,0,19.10497317,1.211940974,NA,4.9698133,2.000127735,NA,NA,2.432451812,NA,NA,1,3,3.907458879,NA,NA,NA
Mustela nivalis,2,4.362461479,NA,5.237398952,3.370050653,NA,5.321056854,4.336767728,1,4.905200702,3.59703825,1,NA,NA,16.54539211,1.623340818,0,4.787491743,0.693147181,3.911822985,NA,2.266217027,NA,NA,1,3,3.324398293,3.820565395,NA,NA
Eira barbara,2,8.327240189,NA,6.417777488,3.725693427,NA,7.445300727,8.327242607,2,NA,4.200804473,2,1.560004281,1.539559593,NA,0.760805829,NA,5.375278408,4.418840608,NA,NA,2.57708711,NA,NA,2,2,4.554240703,7.41196104,NA,NA
Galictis vittata,NA,NA,NA,NA,NA,NA,NA,NA,NA,NA,NA,NA,NA,NA,NA,NA,NA,NA,NA,NA,NA,NA,NA,NA,NA,NA,NA,NA,NA,NA
Gulo gulo,1,9.456614341,NA,6.649114075,3.330059354,NA,8.498377277,9.358760377,1,6.459888805,5.085928278,1,2.416302404,2.428167901,28.65745976,1.043804052,-0.693147181,5.375278408,4.454579827,5.05815481,0,2.574652348,NA,NA,1,3,4.373253725,NA,NA,NA
Martes americana,2,6.772725622,NA,5.943743811,3.610106773,5.899897354,6.371355404,6.785587645,1,NA,3.318902139,1,1.139062398,1.167706031,19.10497317,0.955511445,NA,5.429345629,3.443618098,NA,NA,2.474477906,NA,1.386294361,1,3,3.576023799,5.957856056,NA,NA
Martes pennanti,2,8.229511119,NA,6.61941966,3.970291914,6.593044534,NA,NA,1,5.010635294,3.442978916,1,1.643377573,1.664357411,19.10497317,1.105256831,NA,4.802051894,3.366260812,NA,NA,2.454685199,NA,1.386294361,1,3,4.249896191,NA,NA,NA
Neovison vison,NA,NA,NA,NA,NA,NA,NA,NA,NA,NA,NA,NA,NA,NA,NA,NA,NA,NA,NA,NA,NA,NA,NA,NA,NA,NA,NA,NA,NA,NA
Taxidea taxus,1,8.96726831,NA,6.324986006,3.555348061,NA,7.599901959,8.783396232,1,5.899897354,3.779633817,1,1.111517643,1.112822641,19.10497317,1.01523068,NA,5.743003188,4.537854479,NA,NA,2.428970431,NA,2.079441542,1,3,3.475750748,NA,NA,NA
Lontra canadensis,2,8.998065047,NA,6.526641262,3.50013733,6.593044534,NA,NA,1,5.416100402,4.06731589,2,1.628444817,1.682339988,19.10497317,0.982078472,NA,5.703782475,4.912213612,NA,NA,2.567689786,NA,1.386294361,1,3,4.955064028,NA,NA,NA
Lontra longicaudis,2,8.78797882,NA,6.397012985,NA,NA,NA,NA,2,NA,NA,3,NA,NA,NA,1.305626458,NA,NA,NA,NA,NA,NA,NA,NA,1,3,NA,NA,NA,NA
Ursus americanus,3,11.6127708,NA,7.230469014,3.659965444,7.494218847,10.10091937,11.6127708,1,6.180016654,5.365742343,1,1.855268007,1.878408164,28.65745976,0.871293366,NA,5.950642553,5.683545753,NA,NA,2.697823067,NA,NA,1,1,5.517738869,NA,NA,NA
Ursus arctos,2,12.18733825,NA,7.302543592,3.460095023,7.286191715,9.94225624,11.99799626,6,6.816177126,5.42741394,1,2.395658948,2.410519016,30.20761493,0.806475866,NA,6.396929655,6.214588098,NA,NA,2.681677027,NA,NA,1,2,5.67223597,10.16585182,NA,NA
Conepatus leuconotus,1,8.099830588,NA,6.043606232,3.218875825,NA,NA,NA,1,NA,4.108083088,1,NA,NA,13.50925609,1.280933845,0.693147181,4.430816799,NA,NA,NA,2.41468606,NA,1.791759469,1,3,3.571587041,NA,NA,NA
Conepatus semistriatus,1,7.599571574,NA,NA,NA,NA,NA,NA,6,NA,NA,2,NA,NA,NA,1.249901736,NA,NA,NA,NA,NA,NA,NA,1.791759469,1,2,NA,NA,NA,NA
Mephitis macroura,2,7.001027019,NA,5.727010601,NA,NA,NA,NA,1,NA,4.063885355,1,NA,NA,NA,1.54329811,NA,NA,NA,NA,NA,NA,NA,2.48490665,1,3,NA,NA,NA,NA
Mephitis mephitis,1,7.78321985,NA,5.990338914,3.090132949,NA,6.458965046,7.783224016,6,4.430816799,4.147727339,1,0.91736971,0.882793791,19.10497317,1.740466175,0.693147181,5.043425117,3.502248626,NA,NA,2.423349893,NA,2.48490665,1,2,3.806406552,NA,NA,NA
Spilogale gracilis,NA,NA,NA,NA,NA,NA,NA,NA,NA,NA,NA,NA,NA,NA,NA,NA,NA,NA,NA,NA,NA,NA,NA,NA,NA,NA,NA,NA,NA,NA
Spilogale putorius,1,6.339459428,NA,5.702081028,3.403527997,NA,5.564520407,6.309918278,6,NA,3.496204485,1,NA,NA,15.59903843,1.623340818,NA,4.787491743,2.508785924,NA,NA,2.298477901,NA,2.079441542,1,2,3.818561084,NA,NA,NA
Spilogale pygmaea,2,5.899897354,NA,NA,3.33220451,NA,NA,NA,6,NA,3.854817532,1,NA,NA,NA,1.386294361,NA,NA,1.931521412,4.142975984,NA,NA,NA,2.079441542,1,2,NA,NA,NA,NA
Bassaricyon gabbii,1,7.13089883,NA,6.019249933,2.917770732,NA,NA,NA,6,NA,4.339249605,2,NA,NA,NA,0,NA,5.703782475,4.007151351,NA,NA,2.531572283,NA,NA,2,2,4.472923831,NA,NA,NA
Bassaricyon lasius,1,7.090076836,NA,NA,NA,NA,NA,NA,NA,NA,NA,1,NA,NA,NA,NA,NA,NA,NA,NA,NA,NA,NA,NA,1,NA,NA,NA,NA,NA
Bassariscus astutus,1,6.918071879,NA,5.825941109,3.50013733,5.899897354,NA,NA,6,5.192956851,3.993234261,1,NA,NA,19.10497317,1.098612289,0,5.288267031,3.322875415,NA,NA,2.372321404,NA,1.386294361,1,2,3.776026357,5.555669089,NA,NA
Bassariscus sumichrasti,1,6.809039306,NA,6.04909646,NA,NA,6.105239561,6.809039306,6,NA,NA,1,NA,NA,NA,0.693147181,NA,5.620400866,NA,NA,NA,2.595296942,NA,1.386294361,1,2,4.923089693,NA,NA,NA
Nasua narica,2,8.429111424,NA,6.30915435,1.609437912,NA,7.743182967,8.402904045,6,5.899897354,4.341465023,1,NA,NA,19.10497317,1.386294361,NA,5.356586275,4.941642423,NA,NA,2.629972369,NA,NA,1,2,5.099730859,NA,NA,NA
Potos flavus,1,7.800494847,NA,6.233508358,2.830267834,NA,6.594864794,7.676705423,4,5.075173815,4.76046307,2,NA,NA,19.10497317,0.104360015,0,5.85220248,5.146563811,5.209650074,NA,2.599054028,0,0.693147181,2,2,4.778754483,NA,NA,NA
Procyon cancrivorus,1,8.843863258,NA,6.401684997,3.044522438,NA,7.930134262,8.846496939,6,5.899897354,4.239166147,2,NA,NA,NA,0.963174318,NA,5.123963979,4.248495242,NA,NA,2.539269986,NA,NA,2,2,4.81108549,NA,NA,NA
Procyon lotor,2,8.759938566,NA,6.183488879,3.040227513,NA,7.647991177,8.611932299,6,5.760446322,4.17438727,2,1.237091227,1.260648724,19.10497317,1.118414916,0,5.529429088,4.412313327,NA,NA,2.515992824,NA,1.791759469,2,2,4.705079765,6.998911388,NA,NA
Tapirus bairdii,2,12.59059327,NA,7.696208094,NA,NA,NA,NA,4,NA,5.982020088,1,0.373847485,NA,NA,0,NA,NA,NA,NA,NA,2.562406432,0,NA,1,1,7.133033925,12.05445875,NA,1
Pecari tajacu,2,9.958624202,4.560068212,6.790479615,NA,5.857933154,NA,NA,5,NA,4.975905814,1,0.561079976,0.773845269,12.4498996,0.444685821,0.693147181,5.691709893,6.427345695,NA,1.566941665,2.398901632,2.995732274,2.079441542,1,1,3.615213396,8.470822498,NA,1
Tayassu pecari,2,10.36718069,4.779123493,7.012115294,NA,NA,NA,NA,6,NA,5.062595033,1,1.926873138,1.538951862,NA,0.693147181,NA,5.529429088,6.907755279,5.910769543,2.151711597,2.555178462,NA,1.386294361,1,2,2.389304256,NA,NA,1
Bison bison,2,13.3448299,NA,7.954807571,NA,6.998509642,NA,NA,2,NA,5.646047424,2,1.964283899,2.045788631,19.97498436,-0.020202707,0,5.981414211,9.903487553,NA,2.628260885,2.612718074,3.401197382,NA,1,1,6.598652924,11.96718074,NA,3
Oreamnos americanus,2,11.18588422,NA,7.168063585,NA,6.998509642,9.026417534,10.37349118,2,NA,5.19982212,1,1.702871658,1.683913157,19.10497317,0.336472237,NA,5.438253207,8.032947828,NA,NA,2.621393359,1.098612289,1.386294361,1,1,4.3944144,NA,NA,3
Ovibos moschatus,NA,12.65235975,NA,NA,NA,7.152660322,NA,NA,2,NA,5.546192554,1,NA,NA,23.39871791,0.009950331,NA,5.66296048,9.253792505,NA,NA,2.672272299,2.525728644,1.386294361,1,1,6.337012328,11.0424001,NA,3
Ovis canadensis,2,11.22049748,NA,7.355960541,NA,5.708770016,10.00333289,11.08214255,2,NA,5.178914269,1,1.715014894,1.664357411,19.10497317,0.148420005,NA,5.66296048,8.322600653,NA,1.305660022,2.575841963,NA,0.693147181,1,1,5.076167155,10.06184509,NA,3
Ovis dalli,NA,11.15901954,NA,7.254898944,NA,6.593044534,NA,NA,2,NA,5.150339264,1,1.522325098,1.632739524,19.10497317,0.198850859,NA,5.257495372,8.16051539,NA,NA,2.572527455,2.251291799,0.693147181,1,1,4.955064028,NA,NA,3
Mazama pandora,NA,NA,NA,NA,NA,NA,NA,NA,NA,NA,NA,NA,NA,NA,NA,NA,NA,NA,NA,NA,NA,NA,NA,NA,NA,NA,NA,NA,NA,NA
Odocoileus hemionus,NA,11.34522372,NA,7.324160327,NA,6.305362462,NA,NA,2,NA,5.315616864,1,0.835544566,1.023386044,19.10497317,0.476234179,NA,5.575949103,8.008861123,NA,NA,2.503483219,NA,NA,1,1,4.188669385,10.08163374,NA,1
Odocoileus virginianus,2,11.23718909,NA,7.322305657,NA,6.137727054,NA,NA,4,NA,5.305243327,1,0.829538811,0.910248218,17.44018349,0.451075619,NA,5.620400866,7.989557059,NA,NA,2.428970431,0.810930216,1.386294361,1,1,4.307432611,10.30847922,NA,1
Rangifer tarandus,NA,11.59991934,NA,7.707220017,NA,NA,NA,NA,3,NA,5.404927102,NA,2.815500477,2.80414415,19.10497317,0.693147181,NA,5.490589254,8.610796461,NA,3.393070212,2.575193123,NA,NA,NA,1,5.153505641,10.12290818,NA,1
Cervus elaphus,2,12.39200019,NA,7.667027222,NA,6.901445414,NA,NA,5,NA,5.462177896,1,2.016843647,2.000967931,NA,0.086177696,NA,5.773308537,9.018673685,NA,NA,2.547960648,2.862200881,NA,1,1,4.712296156,10.6914266,NA,2
Antilocapra americana,NA,10.7674318,NA,7.177782416,NA,5.899897354,9.100525506,10.37349118,2,NA,5.513388423,1,1.444185615,1.501480842,19.10497317,0.657520003,0,4.9698133,8.147490902,NA,2.628260885,2.506325685,2.48490665,NA,1,1,4.440196404,9.175955945,NA,3
Alouatta macconnelli,NA,NA,NA,NA,NA,NA,NA,NA,NA,NA,NA,NA,NA,NA,NA,NA,NA,NA,NA,NA,NA,NA,NA,NA,NA,NA,NA,NA,NA,NA
Tamias canipes,NA,4.251348311,NA,4.878246106,NA,NA,NA,NA,5,NA,NA,2,NA,NA,NA,1.355835154,0,NA,NA,NA,NA,NA,NA,NA,2,2,NA,NA,NA,NA
Chaetodipus dalquesti,NA,NA,NA,NA,NA,NA,NA,NA,NA,NA,NA,NA,NA,NA,NA,NA,NA,NA,NA,NA,NA,NA,NA,NA,NA,NA,NA,NA,NA,NA
Cratogeomys goldmani,NA,NA,NA,NA,NA,NA,NA,NA,NA,NA,NA,NA,NA,NA,NA,NA,NA,NA,NA,NA,NA,NA,NA,NA,NA,NA,NA,NA,NA,NA
Cratogeomys fumosus,NA,5.010635294,NA,NA,NA,NA,NA,NA,3,NA,NA,2,NA,NA,NA,NA,NA,NA,NA,NA,NA,NA,NA,NA,1,1,NA,NA,NA,NA
Orthogeomys cavator,NA,6.476972363,NA,NA,NA,NA,NA,NA,3,NA,NA,2,NA,NA,NA,NA,NA,NA,NA,NA,NA,NA,NA,NA,1,1,NA,NA,NA,NA
Dicrostonyx nelsoni,NA,NA,NA,NA,NA,NA,NA,NA,NA,NA,NA,NA,NA,NA,NA,NA,NA,NA,NA,NA,NA,NA,NA,NA,NA,NA,NA,NA,NA,NA
Dicrostonyx nunatakensis,NA,NA,NA,NA,NA,NA,NA,NA,NA,NA,NA,NA,NA,NA,NA,NA,NA,NA,NA,NA,NA,NA,NA,NA,NA,NA,NA,NA,NA,NA
Dicrostonyx unalascensis,NA,NA,NA,NA,NA,NA,NA,NA,NA,NA,3.044522438,NA,NA,NA,4.472135955,1.026041596,NA,NA,1.613429934,NA,NA,NA,NA,NA,NA,NA,NA,NA,NA,NA
Peromyscus hylocetes,NA,NA,NA,NA,NA,NA,NA,NA,NA,NA,NA,NA,NA,NA,NA,NA,NA,NA,NA,NA,NA,NA,NA,NA,NA,NA,NA,NA,NA,NA
Sigmodon hirsutus,NA,NA,NA,NA,NA,NA,NA,NA,NA,NA,NA,NA,NA,NA,NA,NA,NA,NA,NA,NA,NA,NA,NA,NA,NA,NA,NA,NA,NA,NA
Sigmodon toltecus,NA,NA,NA,NA,NA,NA,NA,NA,NA,NA,NA,NA,NA,NA,NA,NA,NA,NA,NA,NA,NA,NA,NA,NA,NA,NA,NA,NA,NA,NA
Mus musculus,NA,2.960105096,NA,NA,NA,4.938064601,4.038831852,3.575150689,1,NA,2.975529566,2,NA,NA,NA,1.711994501,1.504077397,4.276666119,0.058268908,3.090587805,NA,2.042037157,NA,2.302585093,2,3,2.780648883,2.302585093,NA,NA
Dasyprocta coibae,3,NA,NA,NA,0,NA,NA,NA,3,NA,NA,1,NA,NA,NA,NA,NA,NA,NA,NA,NA,NA,NA,NA,1,1,5.192494102,NA,NA,NA
Dasyprocta cristata,3,7.88232624,NA,NA,0,NA,NA,NA,3,NA,NA,1,NA,NA,NA,0.693147181,NA,NA,NA,NA,NA,NA,NA,NA,1,1,5.192494102,NA,NA,NA
Diplomys labilis,1,5.642509726,NA,NA,NA,NA,NA,NA,2,NA,4.020339149,2,NA,NA,NA,0.165514438,NA,NA,4.085976313,NA,NA,NA,0,NA,2,1,NA,NA,NA,NA
Hoplomys gymnurus,1,5.639848215,NA,NA,0,NA,NA,NA,2,NA,4.094177882,2,NA,NA,NA,0.741937345,NA,NA,3.194173212,NA,NA,NA,0,NA,1,1,2.753659041,NA,NA,NA
Proechimys semispinosus,1,5.867374162,NA,5.4350748,0,NA,5.748564617,6.210600077,4,NA,4.184337601,1,NA,NA,NA,1.043804052,1.54329811,3.433987204,3.266522478,NA,NA,2.175027588,0,NA,1,2,3.453815005,NA,NA,NA
Lepus europaeus,2,8.24707071,NA,6.265301213,0,NA,NA,NA,NA,NA,3.737431495,NA,NA,NA,NA,0.760805829,1.481604541,4.9698133,4.812184355,NA,NA,2.313357114,NA,NA,NA,NA,NA,NA,NA,NA
Sylvilagus cognatus,NA,NA,NA,5.955811462,NA,NA,NA,NA,NA,NA,NA,NA,NA,NA,NA,NA,NA,NA,NA,NA,NA,NA,NA,NA,NA,NA,NA,NA,NA,NA
Sylvilagus obscurus,NA,NA,NA,NA,NA,NA,NA,NA,NA,NA,NA,NA,NA,NA,NA,NA,NA,NA,NA,NA,NA,NA,NA,NA,NA,NA,NA,NA,NA,NA
Cryptotis griseoventris,NA,NA,NA,NA,NA,NA,NA,NA,NA,NA,NA,NA,NA,NA,NA,NA,NA,NA,NA,NA,NA,NA,NA,NA,NA,NA,NA,NA,NA,NA
Cryptotis orophila,NA,NA,NA,NA,NA,NA,NA,NA,NA,NA,NA,NA,NA,NA,NA,NA,NA,NA,NA,NA,NA,NA,NA,NA,NA,NA,NA,NA,NA,NA
Cryptotis tropicalis,NA,NA,NA,NA,NA,NA,NA,NA,NA,NA,NA,NA,NA,NA,NA,NA,NA,NA,NA,NA,NA,NA,NA,NA,NA,NA,NA,NA,NA,NA
Notiosorex cockrumi,NA,NA,NA,NA,NA,NA,NA,NA,NA,NA,NA,NA,NA,NA,NA,NA,NA,NA,NA,NA,NA,NA,NA,NA,NA,NA,NA,NA,NA,NA
Sorex maritimensis,NA,NA,NA,NA,NA,NA,NA,NA,NA,NA,NA,NA,NA,NA,NA,NA,NA,NA,NA,NA,NA,NA,NA,NA,NA,NA,NA,NA,NA,NA
Sorex orizabae,NA,NA,NA,NA,NA,NA,NA,NA,NA,NA,NA,NA,NA,NA,NA,NA,NA,NA,NA,NA,NA,NA,NA,NA,NA,NA,NA,NA,NA,NA
Sorex veraecrucis,NA,NA,NA,NA,NA,NA,NA,NA,NA,NA,NA,NA,NA,NA,NA,NA,NA,NA,NA,NA,NA,NA,NA,NA,NA,NA,NA,NA,NA,NA
Sorex yukonicus,NA,NA,NA,NA,NA,NA,NA,NA,NA,NA,NA,NA,NA,NA,NA,NA,NA,NA,NA,NA,NA,NA,NA,NA,NA,NA,NA,NA,NA,NA
Ursus maritimus,3,12.82585312,NA,7.597170504,3.529883723,7.509335266,10.69977779,12.80765263,3,6.710510929,4.169142772,1,3.354857304,3.365483832,28.83868929,0.506817602,NA,6.127742165,6.507993874,NA,0,2.742823627,NA,1.386294361,1,2,5.89799798,9.047821442,NA,NA
Enhydra lutris,3,10.21869602,NA,7.269414779,0,NA,9.39764947,9.798127037,6,5.204006687,5.472270674,1,1.110207305,1.135443811,19.10497317,-0.040821995,NA,5.886104031,7.546641608,NA,NA,2.632458853,NA,0.693147181,NA,2,5.635530889,9.426644588,NA,NA
Spilogale angustifrons,NA,NA,NA,NA,NA,NA,NA,NA,NA,NA,NA,NA,NA,NA,NA,NA,NA,NA,NA,NA,NA,NA,NA,NA,NA,NA,NA,NA,NA,NA
Alces americanus,NA,13.20202447,NA,7.648339327,NA,NA,NA,NA,2,NA,5.501258211,NA,NA,NA,NA,0,NA,5.703782475,9.510444964,NA,NA,2.539269986,NA,NA,NA,1,5.67223597,NA,NA,NA
Mazama temama,NA,NA,NA,NA,NA,NA,NA,NA,NA,NA,NA,NA,NA,NA,NA,NA,NA,NA,NA,NA,NA,NA,NA,NA,NA,NA,NA,NA,NA,NA
